source,_2_fwd_2_VERTICAL_0_PM_PV_zr_FP,_2_fwd_2_VERTICAL_1_STEM_PM_PV_zr_bulbNose,_2_fwd_2_VERTICAL_1_STEM_seg01_PV_sp_End,_2_fwd_2_VERTICAL_1_STEM_seg01_PV_sp_Start,_2_fwd_2_VERTICAL_1_STEM_seg02_PM_PV_ar_mid,_2_fwd_2_VERTICAL_1_STEM_seg02_PM_PV_sp_midPoint,_2_fwd_2_VERTICAL_2_FRAME_seg01_PM_PV_zr_end,_2_fwd_2_VERTICAL_2_FRAME_seg02_PM_PV_zr_end,_2_fwd_3_GUIDEs_GUIDE_2_1_SplineSnap_4_SHIFTS_PV_u_02,_2_fwd_3_GUIDEs_GUIDE_2_1_SplineSnap_4_SHIFTS_PV_v_02,_2_fwd_3_GUIDEs_GUIDE_2_4_circleSnap_PV_ax_end,_2_fwd_3_GUIDEs_GUIDE_2_4_circleSnap_PV_sp,_2_fwd_3_GUIDEs_GUIDE_2_4_circleSnap_PV_t_angle,_2_fwd_3_GUIDEs_GUIDE_3_1_SplineSnap_4_SHIFTS_PV_t_02,_2_fwd_3_GUIDEs_GUIDE_3_1_SplineSnap_4_SHIFTS_PV_u_03,_2_fwd_3_GUIDEs_GUIDE_3_1_SplineSnap_4_SHIFTS_PV_v_03,_2_fwd_4_COLUs_col4_0_speed_r_2_PV_sp,_2_fwd_4_COLUs_col4_0_speed_r_2_PV_sp_y,RESISTANCE_ratio_AA_pred,RESISTANCE_ratio_AA_sd,FORCES_pred,FORCES_sd,WAVEHEIGHTS_pred,WAVEHEIGHTS_sd,bulb_height_pred,trusted,proposed_for_batch,regime,round,surrogate_round,bulb_height_largeN_pred,confidence_tier
base,0.8590007092436456,0.8955311198142603,0.1494437321574003,0.7633259556213178,1.7464948412363792,0.6183632323787508,0.3583143386154996,0.8657100912665775,0.4942655731993263,0.5312830834638421,-2.525209750048557,0.15,0.5799110822419178,0.6287524609260965,0.5843701178465741,0.5849783501521232,0.6228726719078896,0.4535336826576241,99.17405700683594,0.3694864511489868,1.423776388168335,0.2055002301931381,1.6797186136245728,0.2421217113733291,11.030858993530272,False,False,small_n,1,1,11.28754841099476,not_trusted
base,0.8439032986802316,0.9499801008148492,0.1363802391562143,0.4843537361950524,0.7527834233025446,0.7098251419667081,0.3783072438445887,0.8771449958226465,0.4444266570862443,0.4214061903862952,3.8593415347708473,0.109040119900831,0.58404964965455,0.7,0.5956874470639012,0.5186313319612386,0.2199073847727988,0.2063535809840882,101.15345001220705,0.2995640933513641,-1.0146173238754272,0.2197490334510803,-0.5283243060112,0.2329609543085098,10.91138744354248,False,False,small_n,1,1,10.88794375268732,not_trusted
base,0.859099989198972,0.9374340340110368,0.1809709397291999,0.5032797562413699,1.4691670491302002,0.6317967834498907,0.3364502192174906,0.920022482317824,0.368019377454665,0.4351578335783926,-8.289752700420792,0.0390708104243811,0.4836194768596875,0.3148410471443988,0.5063358439960056,0.5145215538798407,0.4731494192597176,0.4429228475168059,103.99989318847656,0.3136952817440033,-0.4910338521003723,0.2764174342155456,-1.263184905052185,0.2391442656517028,11.038769721984863,False,False,small_n,1,1,11.39440256486878,not_trusted
base,0.8895253743210635,0.9497398411976782,0.1665917285813343,0.4700981048177284,1.742087023072968,0.6512463649937956,0.3172319576583564,0.951037483341732,0.3628103788816988,0.4834995126088734,-5.907569988914619,0.092089802015217,0.414564843360549,0.350502700683326,0.5227926154639557,0.4462588335367304,0.6135751629069849,0.4308714786478953,100.05760955810548,0.3000078499317169,-0.9824506044387816,0.1886361837387085,-0.376147449016571,0.232969731092453,11.046835899353027,False,False,small_n,1,1,11.8753391893131,not_trusted
base,0.874498963694874,0.9382753746213804,0.1493839588022817,0.761757567839458,1.011705337503906,0.622413868622108,0.3765652175476841,0.8628396795900598,0.4017386143492873,0.5056520085961942,0.7512081991373213,0.0734460079926779,0.6,0.4321390503768832,0.5274657165145953,0.4790667287777472,0.4526177238414495,0.4534726079869893,102.52507019042967,0.3004828095436096,-0.8965030908584595,0.1937050223350525,-1.262016534805298,0.2411775439977646,11.039226531982422,False,False,small_n,1,1,11.266702138427904,not_trusted
base,0.9,0.95,0.1344114792047273,0.44,1.013314415657021,0.7239787360927775,0.3451285529524452,0.9323806838649672,0.5848285275937487,0.3832951967030382,3.761097954021424,0.113706246172883,0.5988708983916947,0.5468739654960373,0.5867151155825789,0.5402753122495435,0.292919849881823,0.4599210378032969,99.6303253173828,0.3037105798721313,-1.0145986080169678,0.2201486229896545,0.3705916702747345,0.232645645737648,11.044342041015623,False,False,small_n,1,1,11.665666177946752,not_trusted
base,0.9,0.9499995788048176,0.1330242541095505,0.5881503653413163,1.5291062163972902,0.6297090506160479,0.3056958760259703,0.8737829872328422,0.5351618184345143,0.54146980727908,-3.950702225007305,0.0898329842911886,0.5290109986218493,0.519286454329791,0.5160389692483911,0.5049383585480745,0.6582671480031296,0.362993189997038,100.03205871582033,0.3010603785514831,-1.011327862739563,0.2099218219518661,-0.4408856332302093,0.2337204068899154,11.045801162719728,False,False,small_n,1,1,11.798749983311108,not_trusted
base,0.8884545321784741,0.9499997536849188,0.166338593456893,0.4804221565891471,1.5063241495863222,0.6490922950120392,0.3414481119259392,0.932737306368854,0.3855147904653694,0.4591980301466622,-9.672603119565435,0.0787470597109436,0.4139063972458727,0.4304088674493513,0.563553228137148,0.4078117153612411,0.5396813534608194,0.3482517120176536,100.74920654296876,0.299584299325943,-0.8695220947265625,0.2201254069805145,-0.9041597247123718,0.2345316410064697,11.046172142028809,False,False,small_n,1,1,11.748705540324613,not_trusted
base,0.8950271063055837,0.95,0.1598991809820251,0.4599980038306096,1.3669672446418706,0.713072901913132,0.3139377631092342,0.9031148961051784,0.5229188974359176,0.4360669162931117,1.4688760587252276,0.0953021989047079,0.6,0.4985356536533119,0.524172679417598,0.496115172559617,0.448576182039695,0.393369425493185,100.13187408447266,0.2999695539474487,-0.9285576343536376,0.2474172413349151,-0.6039493680000305,0.2334450483322143,11.047537803649902,False,False,small_n,1,1,11.814765003118142,not_trusted
base,0.7998984234953888,0.949936469756258,0.1427527127474708,0.5444101539357648,1.541797250003483,0.6476581724708403,0.3517886543596342,0.85,0.3805882296435626,0.7380743238064712,-9.1095138856403,0.0920187753084743,0.5598410165788282,0.6536322886949129,0.6570485270192384,0.5123786870159058,0.3719556190266535,0.5204199643531388,102.12898254394533,0.3012734353542328,-1.0141966342926023,0.2154308408498764,-1.1255006790161133,0.2354851216077804,10.656696319580078,False,False,small_n,1,1,10.694065348231115,not_trusted
base,0.9,0.9392223177661496,0.1413044366534868,0.5038124560226785,1.0756171777335963,0.6233867533728769,0.3636360824582632,0.8752377588973802,0.523515276146327,0.225445452442928,-15.26736563766854,0.0908979035191947,0.5229318826573969,0.5600453433789954,0.5436110259806747,0.4488869381244192,0.6657355643924884,0.2276084817530692,100.06838989257812,0.3000422716140747,-0.9655417799949646,0.1868577301502227,-0.2841188907623291,0.2335932850837707,11.043312072753906,False,False,small_n,1,1,11.577087531204924,not_trusted
base,0.8320314204231901,0.9245683943026408,0.1518463706129838,0.6565997290507564,0.8641451447886689,0.6182822545412592,0.3327060966507406,0.9106206707038368,0.5067708582663798,0.4113976594458465,-27.45668412964417,0.0996226465359543,0.473405792841042,0.5192148042003857,0.5243525542743246,0.4065926701541575,0.3175446760718293,0.3155659998386634,101.15545654296876,0.2995642423629761,-0.5194246172904968,0.1771625876426696,-0.3134691417217254,0.2327191978693008,10.672832489013672,False,False,small_n,1,1,10.682393616401642,not_trusted
base,0.8931241125549003,0.9321479308360672,0.1499120312202599,0.4680547357518249,0.6429356412251271,0.6499280208696981,0.324699809280187,0.9112059819605368,0.5063408493599951,0.2396182310393677,-7.472688841351265,0.0852410176248045,0.4282786755430613,0.4697799246573628,0.4234019138353536,0.3687250454767805,0.5547758581786543,0.4643800556205869,100.55831909179688,0.3003171980381012,-0.8747001886367798,0.1800484210252761,-0.6952440142631531,0.2331372201442718,11.039828300476074,False,False,small_n,1,1,11.333011240088656,not_trusted
base,0.845002547021676,0.9262927086316184,0.1360730612242232,0.5708768915258298,0.7980212524649273,0.6263302825806445,0.3218435381398652,0.8956865023305474,0.5190091654798136,0.4083670135067189,-9.923361609697537,0.0793145626554798,0.5223943054712392,0.4474746958584926,0.5189309055392743,0.3549105274034534,0.4454867978440528,0.3786163462598871,102.08763885498048,0.2998993396759033,-0.8794364333152771,0.1787026077508926,-1.1029455661773682,0.2346028089523315,10.761460304260254,False,False,small_n,1,1,10.78397896098485,not_trusted
base,0.8612235584575496,0.9267336656582228,0.1470906368584653,0.6451855560748243,1.2383042421654649,0.6290794050010883,0.3490407557848728,0.9029657878718982,0.5397332158555971,0.4280913255112559,-22.669041855552784,0.1066951558990247,0.4606571196510411,0.5501028951711656,0.5341030099138184,0.4119340396159868,0.3309417636188509,0.3536129136463684,100.059814453125,0.3000163733959198,-0.0744056031107902,0.1771904379129409,0.4834599196910858,0.2326628416776657,11.030218124389648,False,False,small_n,1,1,11.184022264799228,not_trusted
base,0.8967794189150973,0.9418856481125256,0.1428821291672179,0.4869724394140853,1.4008161092388058,0.6357856155097175,0.3585202143985025,0.8867157310195792,0.5151208338471129,0.7142918307798339,2.688744609395799,0.1076259455659093,0.5166139139442599,0.6566133402857747,0.4660098510943997,0.5385080540696081,0.3160778624723178,0.2835742842672892,99.77896118164062,0.3014514744281769,-1.0119413137435913,0.2081384062767028,0.1836170554161071,0.2327856421470642,11.045272827148438,False,False,small_n,1,1,11.704455306673395,not_trusted
base,0.872189696870661,0.9499995789986816,0.1643154820859323,0.4584694826141166,1.4992052176189772,0.6413802529218248,0.3350242438567295,0.9503459335598564,0.4680236633285399,0.4703081945003812,-19.69983086962317,0.0693220801438547,0.3436289337524712,0.3479584980611777,0.5268490040230553,0.5006963880890456,0.5481818200534231,0.464027480444284,101.08190155029295,0.2995625436306,-0.7853235006332397,0.1967879980802536,-0.9952096939086914,0.2342387288808822,11.041814804077148,False,False,small_n,1,1,11.566320964323191,not_trusted
base,0.8047324392692368,0.9454026669989424,0.1409488294709306,0.5561088891100096,1.3489108475070026,0.6457760396210067,0.3543134923036222,0.85,0.370595456191745,0.4285501780924703,0.5838376955884917,0.0887938099836717,0.5359368637576601,0.7,0.636406541016217,0.5228462481904701,0.3456408239169801,0.4320194976518869,102.23904418945312,0.3003412187099457,-1.0139751434326172,0.2145290970802307,-1.1477069854736328,0.2355594485998153,10.632135391235352,False,False,small_n,1,1,10.6478314748422,not_trusted
base,0.881354325323349,0.9419022974246872,0.1541835764391879,0.4407290972234118,0.6401677252233401,0.6330790210480198,0.3212516069208495,0.946639752422904,0.4973668065728113,0.058357382630323,-10.375995588968491,0.0771301195957596,0.326386941395494,0.5190117451016055,0.4404875910279757,0.4337531253441946,0.434587581312216,0.4001901168916585,100.731689453125,0.301115334033966,-0.8095441460609436,0.1821410357952118,-0.8045463562011719,0.2329460680484771,11.037785530090332,True,True,small_n,1,1,11.22956922070303,low_confidence_likely_fail
base,0.8996953260494255,0.9458298421420972,0.1363726236138514,0.5249950006340486,0.9433824938644304,0.7288564908072881,0.3316531234592239,0.9200912673577374,0.4855242030340233,0.3614053317516227,10.731578494483282,0.1155362566850251,0.5291369188658804,0.5195787959604846,0.5572713740739796,0.5115060316743092,0.366575956018406,0.5087892045408816,99.8398208618164,0.3009591996669769,-0.9519387483596802,0.1894727349281311,0.2415232211351394,0.232652485370636,11.043557167053224,False,False,small_n,1,1,11.616374206903837,not_trusted
base,0.8759475588432065,0.9373117844158594,0.1344725551923292,0.5192282223821838,0.5051270696511961,0.653501089537689,0.302819339840521,0.9285280637441168,0.4898396646059368,0.1732963977847234,-12.33884623604408,0.0747292172812194,0.4566946622196908,0.4876684766607773,0.4518284977660953,0.4108129732935051,0.3670999972468357,0.4024494798605423,101.9014129638672,0.2999336123466491,-0.7422766089439392,0.1848416030406952,-1.170844793319702,0.2355428338050842,11.015064239501951,False,False,small_n,1,1,11.054735581410943,not_trusted
base,0.8873900539893503,0.95,0.1686922457638109,0.5478043517496637,1.4408046929078762,0.6400391839066575,0.3357918693806376,0.8764871834311172,0.4387412841591592,0.5193445818819686,-0.1689701625792515,0.1047311413391738,0.6,0.5295237459075955,0.5784164318788915,0.5350505117734237,0.4975479578016361,0.3753586792330213,100.1039047241211,0.3008131682872772,-1.0145349502563477,0.2176384478807449,-0.3640226423740387,0.2332324534654617,11.04701328277588,False,False,small_n,1,1,11.706154025436028,not_trusted
base,0.7726842859429197,0.919927625857062,0.1293424888805857,0.6308101018697619,0.8589711567688559,0.6976331435563273,0.282606861054522,0.9053249107452856,0.5075556308570889,0.3837320672225136,-0.7530191469584068,0.1050353813795087,0.4094935529986526,0.3508907024336481,0.5409787278591173,0.3657708907172564,0.5147524543837352,0.5508726729279951,101.51335906982422,0.2996411025524139,-0.3740398585796356,0.177277609705925,-0.6532712578773499,0.2324773073196411,9.987149238586426,False,False,small_n,1,1,10.033671617035091,not_trusted
base,0.8999984870467317,0.943314703731782,0.1601762809207819,0.6038292549396204,1.3966386161214552,0.6623966745284978,0.377166410984946,0.8885994530091824,0.484352133624487,0.4511659884551219,11.047103712498943,0.0933661551330216,0.543391319183223,0.404180048027911,0.4904109623113711,0.5847227765438924,0.5369192045530582,0.5086140696494516,100.3284149169922,0.3006922602653503,-0.9505186676979064,0.2004466652870178,-0.5006051659584045,0.2333528995513916,11.048298835754396,False,False,small_n,1,1,11.82741775213108,not_trusted
base,0.9,0.9499937397244336,0.1358730625088908,0.4986522661505075,0.97804660692609,0.6347586541540596,0.3745771065870716,0.8860614527289128,0.5857354204751954,0.3873715585794102,-11.006337851043249,0.0939472717347223,0.5115921744534396,0.697592932687238,0.5435757456717869,0.5826821125225319,0.5835850476997476,0.2372113129129945,99.8854522705078,0.300624668598175,-1.0062092542648315,0.2024906128644943,0.0775151997804641,0.2330825328826904,11.044252395629885,False,False,small_n,1,1,11.567843625695886,not_trusted
base,0.8255679853913731,0.9497904747766616,0.1676219192713054,0.4791485364554075,1.3788939161993656,0.6496240141592757,0.3517044446589982,0.9215753538577526,0.3522737758483141,0.3710897452542629,-3.95721220305498,0.0801485452500573,0.4823280677943152,0.438020524061916,0.6310274320789194,0.3033550459792183,0.5006246082266534,0.4618227936035439,102.15563201904295,0.3000089526176452,-0.9970269203186036,0.1957259774208068,-1.1494402885437012,0.235704705119133,10.944692611694336,False,False,small_n,1,1,10.98975242193988,not_trusted
base,0.8864875863185018,0.95,0.1678653266333775,0.506298151152243,1.346456839294517,0.6436843365786801,0.3222884803391369,0.9358587301583152,0.3706816673293372,0.4830045515529971,-15.3697369751077,0.0882486047055061,0.3774948856356315,0.3563753023011483,0.5318065794130403,0.4702251873022848,0.5206860871046949,0.4538433204711953,100.39586639404295,0.2996817231178283,-0.9181749820709229,0.1841701567173004,-0.5541415810585022,0.2331668585538864,11.045333862304688,False,False,small_n,1,1,11.652747160771067,not_trusted
base,0.8774518744993698,0.9294355806779292,0.156843660158495,0.5711915996862685,1.1990339004253383,0.644672706434014,0.3253262285975505,0.9062294941538626,0.4858609035434018,0.3575457319624578,2.2063952084635896,0.078363755839497,0.5321004133078832,0.5740676210944587,0.573393352072469,0.4054972751647171,0.5199228626313105,0.3677826562505841,101.25762176513672,0.2995793223381042,-0.9660769701004028,0.2047139406204223,-0.9041303396224976,0.2345674037933349,11.03798770904541,False,False,small_n,1,1,11.401765707333013,not_trusted
base,0.8926796504157216,0.9499999018109062,0.1590190716741979,0.4444126560073031,0.8883375125793053,0.6489762879436018,0.3100180976800191,0.93012646003276,0.3368396560283864,0.407716913729513,-8.098375483939897,0.0876595895737873,0.4154282764402688,0.3011239485569046,0.5502657530550404,0.3800216710294743,0.5499791523639086,0.4093841788195,100.95694732666016,0.2995824217796325,-0.8758703470230103,0.1909006536006927,-0.8860406279563904,0.2339285016059875,11.044356346130373,False,False,small_n,1,1,11.498758244046362,not_trusted
base,0.8868285777201206,0.9487646287052164,0.1719348154714407,0.4770984185108706,1.5409543195847304,0.6589854513051221,0.3211780977452023,0.93328925694119,0.3699341158046909,0.5169471944411924,-7.718614679587616,0.0772244197460749,0.398937522196384,0.306314291865486,0.5528530661546894,0.3708368714102394,0.656049563341258,0.4414735387068182,100.87652587890624,0.2996022999286651,-0.8568992614746094,0.2070498764514923,-0.9052923917770386,0.2343724071979522,11.046398162841797,False,False,small_n,1,1,11.767461998145103,not_trusted
base,0.8659030490569325,0.943827371260369,0.1528139183330495,0.5950687372571897,1.1185972632244383,0.6408941813703223,0.3077323875422404,0.8772916065127693,0.4547515385163453,0.5567678807986235,-19.700028963307155,0.1213087161003764,0.4849462100402978,0.5547774336007889,0.5750446334423741,0.4959643788529915,0.3927662376045061,0.5164485321427834,99.75454711914062,0.301686018705368,-0.0170080438256263,0.1774811148643493,0.6198455095291138,0.2326935976743698,11.035947799682615,False,False,small_n,1,1,11.247299332230268,not_trusted
base,0.8794028435505734,0.9450787495037064,0.1760193380697785,0.4981918618495576,1.7708028489690015,0.640391388494927,0.3480655620715221,0.9354650129350968,0.4706675823745594,0.4419412341962441,-9.15455096749943,0.0992375625830987,0.4381003229600759,0.4640609067069003,0.5212894869141599,0.507253743555679,0.4232294519162725,0.5256780558974106,99.63472747802734,0.3036635816097259,-0.7479450106620789,0.1808499097824096,0.3157579302787781,0.2325879484415054,11.045428276062012,False,False,small_n,1,1,11.77922791513182,not_trusted
base,0.8535362569391384,0.9499994312296912,0.1489569332784384,0.5455545647858012,0.7955781543090189,0.7083808143376605,0.3238666890859303,0.8996562714503594,0.5156022125989704,0.4604928173309343,-0.7239125575954789,0.0760127403127365,0.5108881302485249,0.5634217828880185,0.5103621185436777,0.4094708832900146,0.3714138004991448,0.5015473963757772,101.90023040771484,0.29981529712677,-0.9446398019790648,0.1953208297491073,-1.1653302907943726,0.2355191856622696,11.031699180603027,False,False,small_n,1,1,11.054009289128178,not_trusted
base,0.8146801192846873,0.9484918416511212,0.1378246763135317,0.4603787510565041,0.959471974210202,0.7154235015883451,0.3445008255527167,0.864738883445305,0.4894016083509354,0.6240900361756581,3.45142959266786,0.091990376632675,0.5982410974812551,0.6823584125328401,0.5704122376253353,0.4257049856858141,0.4015439131727548,0.15,102.02980041503906,0.299894243478775,-1.0145405530929563,0.2179463058710098,-1.127482533454895,0.2344531714916229,10.684117317199709,False,False,small_n,1,1,10.66024213538712,not_trusted
base,0.8863671964227247,0.95,0.1610404102945362,0.4527579691072346,0.8039948377681356,0.6758273857136001,0.268284829047,0.9119979747486304,0.5460211507641043,0.4600128125702812,2.3254334168243505,0.091683142790032,0.468324332812514,0.382485605937556,0.4670819328492755,0.5921125254293196,0.5929266141498999,0.4340133102269531,100.27769470214844,0.2998540699481964,-0.9136378169059752,0.1919986307621002,-0.4756011366844177,0.2330350130796432,11.043207168579102,False,False,small_n,1,1,11.446466461394236,not_trusted
base,0.7988865410168785,0.94614393001097,0.1281962626562936,0.5478572833038764,1.1027446968921986,0.6679790880075107,0.2750421802365261,0.8785402119241603,0.3904436865364769,0.5770392609184449,-11.60716285951172,0.1068824091534386,0.507463097579333,0.4076060670287513,0.6056381298660799,0.514243584322904,0.4723916859885704,0.3610387030177966,101.60926055908205,0.2998548448085785,-0.7587685585021973,0.1780099421739578,-0.8117800951004028,0.2326708734035492,10.45373821258545,False,False,small_n,1,1,10.467990301913012,not_trusted
base,0.8859040277202265,0.9365972896199336,0.1750822688235139,0.588071180560983,0.5746490790979482,0.6515814295574944,0.3988391465890338,0.8518391132259229,0.3796751156428752,0.5342112701329935,2.7756521314283105,0.0807078204054795,0.6,0.4468236875718256,0.4836564728357597,0.4915131388237874,0.3867229444807203,0.367560766167299,102.20661926269533,0.3000210225582123,-0.8340874910354614,0.2021240144968032,-1.2533290386199951,0.2401946038007736,11.043681144714355,False,False,small_n,1,1,11.281523726050604,not_trusted
base,0.8292948561625095,0.95,0.1436085015099625,0.5274195253037027,1.149010267094713,0.6680378086146959,0.3792120599923359,0.85,0.4723519292867179,0.3019908137894019,-7.6437983718431,0.0845892791127637,0.6,0.5839742110697572,0.630447081279788,0.5143688673230133,0.6841194601544086,0.2655659475456702,101.80155181884766,0.2997303009033203,-1.0101659297943115,0.2059478461742401,-1.01744544506073,0.2348199933767318,10.87302303314209,False,False,small_n,1,1,10.895334173754256,not_trusted
base,0.8660494003729396,0.9325461553558108,0.141217638338068,0.6583591857772183,0.6759960876260165,0.6195905874519579,0.317410713148973,0.9069375353255494,0.5520956192510981,0.2909175508759247,-22.39174517331315,0.1206744956909195,0.4277369847825603,0.5519359564810731,0.5379693724027592,0.4267170370402802,0.3014908744761332,0.3673842071411026,99.77975463867188,0.3018477857112884,0.4617682099342346,0.177123486995697,1.0207035541534424,0.2328684031963348,10.967902183532717,False,False,small_n,1,1,10.980909798753228,not_trusted
base,0.9,0.95,0.1492850358554359,0.4959965077012995,1.4938077337495226,0.7262878707806275,0.2970281039716564,0.88130255554661,0.5125479512725182,0.4148544587526897,1.039724285458886,0.1089019569420561,0.584406315978573,0.547504835308835,0.5504360865282211,0.510903112866429,0.3583610977880477,0.6236922881394885,99.57530975341795,0.3051522374153137,-1.0146156549453735,0.2198976427316665,0.0776432305574417,0.2329991310834884,11.047390937805176,False,False,small_n,1,1,11.901796932912514,not_trusted
base,0.8079479320342696,0.8972276942204308,0.1527415359580407,0.4941203469586213,0.4597576152347217,0.6692478225090053,0.3300476314171591,0.9308540011570268,0.4169239057132845,0.3888833173182245,-6.509516424597195,0.0979200433066919,0.3968536632397424,0.4289283479551,0.5190182315011694,0.3939379085059838,0.3978342500254104,0.4531193158321191,101.88644409179688,0.2998672425746918,-0.4058032929897308,0.1773992776870727,-0.7815996408462524,0.2325107455253601,10.137791633605955,False,False,small_n,1,1,10.200592754273398,not_trusted
base,0.9,0.9498305476972536,0.133120779674157,0.5275646131273972,0.9129506288497824,0.6482198698080962,0.368283009092622,0.85,0.5831200604926393,0.4057062846416743,-5.943626626022731,0.0979610126572293,0.599990549042182,0.604796553968343,0.5894872317577031,0.521496665913869,0.5269663911530852,0.3128775701931088,100.0064697265625,0.3002928793430328,-1.0144575834274292,0.2169271856546402,-0.1711973994970321,0.2334718704223632,11.044334411621094,False,False,small_n,1,1,11.538867543151198,not_trusted
base,0.77797344086475,0.95,0.1670896332574091,0.5491340997198093,0.7692648943050412,0.657781096700801,0.333909279043672,0.9026160297352416,0.4956399105897472,0.6417941895342963,-4.004079307095647,0.1083354015106129,0.4721078931055332,0.4857352241679722,0.498988745986325,0.4306298366874783,0.6904246698005366,0.4289154746169181,101.2879638671875,0.2995856702327728,-0.2443567812442779,0.1770594120025634,-0.4380336701869964,0.2324113696813583,10.257200241088867,False,False,small_n,1,1,10.207305893911476,not_trusted
k1_l1_tr,0.8538344776499011,0.890336842899735,0.1412652779962321,0.6767909726383896,1.6331004412064214,0.6235950613874554,0.3622987480758159,0.8779523943463335,0.525822178547424,0.5318115724600883,5.0851178631395095,0.1434782370707109,0.3730147057426426,0.5353512195887612,0.6268928675608525,0.4657133851080445,0.5390145513202989,0.4363286403400455,99.2402572631836,0.3458940982818603,1.4057639837265017,0.2149905860424041,1.6797196865081787,0.2421217113733291,11.022882461547852,False,False,small_n,1,1,11.150389092585884,not_trusted
k1_l1_tr,0.848841749610936,0.93748450689634,0.1646240471531092,0.5067604442745787,1.2411913402565338,0.6548457365165501,0.3326041779774813,0.8728658058841546,0.4433737820325877,0.4918983685133502,3.8522445545490194,0.0965168938890256,0.5670545591034526,0.618878763656856,0.6689205864931888,0.4543223421105856,0.4011856170158082,0.327573652366587,101.0955810546875,0.2995893955230713,-1.0138797760009766,0.2133651971817016,-0.6803597211837769,0.2334161847829818,11.031579971313477,True,True,small_n,1,1,11.141354412330928,low_confidence_likely_fail
k1_l1_tr,0.8635565028016285,0.9368835437472344,0.1787309255482582,0.5090573192915389,1.506623748819797,0.6313660556096236,0.3363870978796069,0.932039713074174,0.3777429232871631,0.4791053634495886,-13.960776255068366,0.0366537485326116,0.4775752935731928,0.27701723788138,0.5072184246595336,0.4956996164163263,0.4885781511707751,0.4486370399446176,104.0375518798828,0.3149519264698028,-0.4839822649955749,0.2657813727855682,-1.2631449699401855,0.2391560822725296,11.039820671081545,False,False,small_n,1,1,11.453426946488694,not_trusted
k1_l1_tr,0.8900331893668274,0.93386493675081,0.1796092169223573,0.5219204680945627,1.061557027676422,0.6396415148795968,0.3440758129598548,0.8657817975095913,0.4869272915884798,0.4617548753886238,0.5569726532246692,0.1012714855358023,0.569984677824,0.3855320851149891,0.5630871800858277,0.5693852527541521,0.5083665506626571,0.4438268861001997,100.12146759033205,0.2999956011772156,-0.9846107363700868,0.190664529800415,-0.2849060297012329,0.2330290079116821,11.045811653137209,False,False,small_n,1,1,11.552986530979158,not_trusted
k1_l1_tr,0.8659201152249631,0.9306611314698702,0.1585155721425289,0.6540907699950268,1.2625575749597453,0.618432258792588,0.3772210847653182,0.8586071889257652,0.3687556000629561,0.345601740617791,1.0102299817293252,0.0716659175459636,0.5537560635509002,0.4935368643071196,0.5384018254593353,0.5197422484383387,0.4222150974267769,0.4944844272924759,102.44010162353516,0.3002239763736725,-0.8565940856933594,0.2154694348573684,-1.2449769973754885,0.2404654920101165,11.036490440368652,True,True,small_n,1,1,11.278022274374594,low_confidence_likely_fail
k1_l1_tr,0.8894249287969858,0.9375034349773588,0.1505100572536874,0.4642545714851802,1.1738460416026495,0.6966462643351113,0.3679281716370005,0.9082889705497088,0.5366939380283219,0.3939918000394293,9.276405157219802,0.1065394152071982,0.5423550233694394,0.6568018670574849,0.5686124839194224,0.5694199829733423,0.2796836189296789,0.3256406992324266,99.87345886230467,0.3007964789867401,-1.014538288116455,0.2187293022871017,0.1847239285707473,0.2325949221849441,11.04254150390625,False,False,small_n,1,1,11.58820897173498,not_trusted
k1_l1_tr,0.8899872843385926,0.9370819846090376,0.1700683220346507,0.4580054826889417,1.72616737367882,0.6469850697985039,0.3422692982590808,0.9360644328545418,0.4521873891346893,0.4650635873223339,-5.8095758246140505,0.0825094718123778,0.3929357401964659,0.4049675683326258,0.543886094509942,0.5137549263344681,0.5785267737536199,0.440286687850648,100.0244598388672,0.3000811338424682,-0.991539716720581,0.1964073330163955,-0.4514250457286834,0.2331536561250686,11.046076774597168,False,False,small_n,1,1,11.845866007307498,not_trusted
k1_l1_tr,0.8361662671686226,0.9374514600165756,0.1551465781160115,0.5859666738988082,1.225472070389644,0.6159032650296925,0.3444107913502041,0.9020708498962116,0.5061271901593489,0.3914689142379067,-20.32353346982093,0.0899768983767863,0.4883786231341726,0.4242100756691122,0.5298337268250092,0.3806104058182621,0.3256997210303982,0.3354384133534972,101.2605972290039,0.2995724976062774,-0.8246082067489624,0.1779124736785888,-0.7303899526596069,0.2332998067140579,10.912416458129885,False,False,small_n,1,1,10.946719759065402,not_trusted
k1_l1_tr,0.8899982160496235,0.9375185885223412,0.1522682552245902,0.4794296721717062,1.5042084954734314,0.704516760614832,0.3129729852727899,0.8916994501819058,0.5084280183618294,0.4501342914265033,1.470402703702892,0.0931808794681311,0.5700403045112219,0.5207073749562854,0.535104687482707,0.4978120610589108,0.501348742379645,0.4991111232348564,100.16232299804688,0.2999083399772644,-0.9751539826393129,0.223430648446083,-0.5735664367675781,0.2335165590047836,11.04410171508789,False,False,small_n,1,1,11.75045817750631,not_trusted
k1_l1_tr,0.8715345438365228,0.9374991789347076,0.1478940710492693,0.4783180516040312,1.3084946037526328,0.689468287882762,0.3504108874821205,0.8575438778402512,0.4989945866477178,0.3530509262871615,8.936678401805642,0.1039794976520775,0.5681990498687705,0.6129571340934115,0.5595958133444681,0.5126472780370628,0.4143849504042071,0.5381836917522473,100.2968978881836,0.2999038398265838,-1.0132254362106323,0.2116625756025314,-0.3337079286575317,0.2330929636955261,11.037477493286133,True,True,small_n,1,1,11.430017031491635,low_confidence_likely_fail
k1_l1_tr,0.8899070490448955,0.9375148979842832,0.1830030981508168,0.567114180676175,0.7093094053933099,0.6321151213986439,0.3200173523041924,0.8659040006497206,0.4392313764324698,0.3637534826420815,-7.761933119699585,0.1029218908145327,0.5327494596440098,0.5796852886213736,0.4210550043734195,0.4448979060678442,0.6098357038871015,0.6744645864566483,100.0754623413086,0.3002146780490875,-0.878695547580719,0.1788987517356872,-0.2733155786991119,0.2332035452127456,11.044949531555176,False,False,small_n,1,1,11.392941615034267,not_trusted
k1_l1_tr,0.8687909193544453,0.9375133960543196,0.167713770379523,0.4841434966016688,1.1493025052053838,0.6780079429364269,0.3426194394341841,0.923342827373924,0.5589938200045017,0.4852214544925147,-9.87832097637336,0.0817335092295461,0.4419530853363116,0.5470495355095932,0.4727425351627882,0.4346538971843355,0.3935523953067559,0.2783462024280024,100.5440673828125,0.2998593151569366,-0.964585781097412,0.1866606026887893,-0.6452277898788452,0.2331143170595169,11.038911819458008,False,False,small_n,1,1,11.37146722896324,not_trusted
k1_l1_tr,0.8900058313303738,0.9240642326296724,0.1454274081397303,0.4583539772830656,0.6234159153434956,0.6755416265512518,0.3369063108061002,0.9259904921292422,0.5196713253089283,0.3374123814267947,-4.432704835441698,0.0875649401767909,0.4573260434084166,0.4672698804333794,0.447629064522346,0.3991447328017255,0.5483960665452018,0.5056269964646577,100.5656509399414,0.3000484406948089,-0.9098076820373536,0.1796154528856277,-0.6910585165023804,0.2331293225288391,11.036849975585938,True,True,small_n,1,1,11.278591978131905,low_confidence_likely_fail
k1_l1_tr,0.8361671119722403,0.9322253751435028,0.1484739182588855,0.4584971780252008,0.6902630469343926,0.6477243143504269,0.3051568864174349,0.9141683916722392,0.5113345624615769,0.1400711881181535,-23.11125955281796,0.0787367244559715,0.4601558932080243,0.4967601392234378,0.4652894485450358,0.4519106119870523,0.3972957475844648,0.3044380394754172,101.9932861328125,0.3000171482563019,-0.7883093357086182,0.1806568205356598,-1.1124094724655151,0.2340710610151291,10.710356712341309,True,True,small_n,1,1,10.708417838895777,high_confidence
k1_l1_tr,0.8897920326791322,0.9373918014126844,0.1507043089206755,0.4855269710125895,1.448636284818314,0.7048988928789242,0.3045177153073243,0.8829936160833137,0.4985199148513524,0.4830140514139075,-2.1876224590742153,0.1020087831205208,0.4728950891801917,0.5346722264187649,0.5508583333282158,0.415661584091876,0.3565342484987754,0.457557716022802,99.74381256103516,0.3018125295639038,-0.943409502506256,0.1879146695137024,0.082144908607006,0.2328352481126785,11.043091773986816,False,False,small_n,1,1,11.705678008504352,not_trusted
k1_l1_tr,0.8900681227780334,0.9374921617027132,0.1477367427016441,0.6013298021155614,0.9510614912296168,0.6099909795841509,0.384420086774026,0.8805913846471936,0.5790143188000845,0.4808548660518482,-20.14989494909152,0.0955163126779016,0.5308465855886465,0.6645123709951544,0.536304243943378,0.5001712338720855,0.5606715077270112,0.3375874979616972,100.16146087646484,0.2998998165130615,-0.8287816047668457,0.1820101588964462,0.1205288767814636,0.2331032752990722,11.041605949401855,False,False,small_n,1,1,11.403705195884015,not_trusted
k1_l1_tr,0.8100572903800337,0.937266018073054,0.1350724500428545,0.5576074861675426,1.660016734008499,0.6415054814035241,0.3257109090263043,0.9447795175120082,0.4311294997738563,0.4895432382019737,-19.74417959629258,0.0892009522526827,0.4649923451659402,0.3720575604754201,0.4920218027955571,0.3760843766878531,0.5586153052342927,0.5313223839457585,101.59671020507812,0.2996494472026825,-0.7612816691398621,0.1777985990047454,-0.8812110424041748,0.2329130619764328,10.812771797180176,False,False,small_n,1,1,10.827325024117592,not_trusted
k1_l1_tr,0.8124484390500655,0.9375189587260832,0.1515507878717366,0.5321432131206897,1.396282591756827,0.6258676176087362,0.3523784029300468,0.8582992350562465,0.3572231887115783,0.3648325034339951,0.5875439652323738,0.082883151606943,0.4987820302113605,0.4866250381973488,0.6420957160561876,0.539572938601827,0.438577679824076,0.4435431307928256,102.33651733398438,0.3001727163791656,-1.0057876110076904,0.2020117342472076,-1.1546226739883425,0.2358741760253906,10.722607612609863,True,True,small_n,1,1,10.750133003734494,high_confidence
k1_l1_tr,0.890030799395949,0.9375000166338308,0.148442530226643,0.4579517671269869,0.9533514798407584,0.6462315483275335,0.2993088495202899,0.899760150682397,0.4693332886969745,0.1822325351898198,-10.420750999244586,0.0784939039387155,0.3663033082057347,0.4893725711965088,0.4276390086920603,0.4676238410638623,0.4754099610646662,0.3830734550104076,100.6594009399414,0.3001769185066223,-0.8193334341049194,0.1865891069173813,-0.8346549868583679,0.233337327837944,11.040520668029783,False,False,small_n,1,1,11.441162617958184,not_trusted
k1_l1_tr,0.8847300731117512,0.9375805920327422,0.1675363740324815,0.4699236364579778,1.5491184565626752,0.6328340273850346,0.3271675605684961,0.9701680768989972,0.4445859569197081,0.5063168497111672,-19.40845138974645,0.093517694070198,0.4081424520300005,0.3733784113049392,0.5239653027727577,0.4937516675554694,0.4787669894670873,0.3951221818717662,99.99205017089844,0.3004910051822662,-0.8612614274024963,0.1786336004734039,-0.0747047737240791,0.2325287908315658,11.04366970062256,False,False,small_n,1,1,11.686118487018843,not_trusted
k1_l1_tr,0.8452286551123558,0.9375099382847768,0.1692088066889445,0.4586245943606028,1.2759015882543976,0.6308894027482347,0.3362528225783486,0.94281626574903,0.4545877930012903,0.4961964456945654,-25.247681221904887,0.0682699289147197,0.3912256568223644,0.3840070910819187,0.515018905452986,0.4707743734895148,0.5663840550593731,0.3858849075131775,102.06244659423828,0.2999675571918487,-0.8241583108901978,0.183068037033081,-1.1599777936935425,0.2355214655399322,11.029939651489258,True,True,small_n,1,1,11.12363783625532,low_confidence_likely_fail
k1_l1_tr,0.8744892399347456,0.9375174779558646,0.1731482992391785,0.5025491674600837,1.5776283702104767,0.6396306343819761,0.3506029545122013,0.8897877545909096,0.3717586716019495,0.5362200490319126,-0.1684258908782129,0.0999883024592878,0.5683064764458201,0.5216825732082162,0.597136729193257,0.4893048284094066,0.5406995948110771,0.4283596177781084,100.4813232421875,0.2997865974903106,-1.0122438669204712,0.2089259475469589,-0.5869277119636536,0.2334603816270828,11.042322158813477,False,False,small_n,1,1,11.590276406904657,not_trusted
k1_l1_tr,0.8900387392288761,0.9369985573236989,0.153279814376066,0.5728622058590319,1.0718127006287566,0.6632275822970338,0.3608163086200159,0.8966709596907284,0.5056377658229392,0.5052067078843021,2.522118268887826,0.0822335963110218,0.5150255353209338,0.5123903897023978,0.5109695826361311,0.4730226929115892,0.6170762899248105,0.3684968327804325,100.9792938232422,0.2995690703392029,-0.966433048248291,0.2041601240634918,-0.8325770497322083,0.234168529510498,11.04291534423828,False,False,small_n,1,1,11.52477520248925,not_trusted
k1_l1_tr,0.890003689634601,0.9375048493544016,0.1476618000895953,0.5335515891920232,1.2950185937881198,0.6140176739029535,0.2899581672667246,0.8712519516001642,0.5174867087700269,0.2807498216873957,-2.950426831116472,0.0871378811785742,0.5213876506025565,0.5572601680895601,0.4550631086600736,0.4416633607179604,0.7580815024943579,0.4825078336259115,100.25843048095705,0.2997416257858276,-0.9523221254348756,0.1921176016330719,-0.5637576580047607,0.2338468432426452,11.041799545288086,False,False,small_n,1,1,11.569547787324003,not_trusted
k1_l1_tr,0.8900041386233041,0.937231258841316,0.1356049521483707,0.4917789635626245,1.612717039253454,0.6372131679759394,0.3665125027858136,0.8897512381210949,0.5677628627675797,0.3711232411058638,-14.069841224458816,0.0912085914118076,0.5455178866594622,0.6649613827628331,0.532665640219896,0.5587636899095646,0.5240438838487648,0.2216270486712179,99.8795928955078,0.3006556332111358,-1.0068964958190918,0.2043071985244751,0.0864564999938011,0.2330363392829895,11.042067527770996,False,False,small_n,1,1,11.701399042566685,not_trusted
k1_l1_tr,0.8281616995554536,0.936660344072042,0.1329825683111775,0.5673726844143585,1.452148668572328,0.6605695790684689,0.3895958182711448,0.88013521158174,0.4448054018201383,0.5590504537874813,-1.4744547819727276,0.0753040298096322,0.4958297167183747,0.5399883692433368,0.5640191245854658,0.5221507807670674,0.7063877779327636,0.3995337935491826,102.09251403808594,0.3000642657279968,-1.001964092254639,0.2013833373785019,-1.1540138721466064,0.2360329926013946,10.926973342895508,True,True,small_n,1,1,10.94631218766666,medium_confidence
k1_l1_tr,0.8870844115391854,0.9375233240673052,0.1563344817818329,0.4579700492441142,1.251655605950019,0.7093135079243529,0.3072050240558781,0.9110576563256648,0.5274928093974889,0.5059141796005594,1.1830853170936984,0.0908361492050067,0.5462116221587666,0.4143752416233844,0.5386179566434063,0.519630656336905,0.5386600811119618,0.4008931237012272,100.294189453125,0.299826443195343,-0.9730330109596252,0.2104575932025909,-0.6345639228820801,0.2333483546972274,11.042919158935549,False,False,small_n,1,1,11.62656070068607,not_trusted
k1_l1_tr,0.8701105438806049,0.9328764776999776,0.1491252354876443,0.572845242618727,1.3231662864058602,0.6579247284903457,0.3286033751017593,0.9038659690446598,0.4900607145455036,0.3359803964146251,2.2083299914772763,0.079001951854399,0.5258263798272615,0.6002896634705701,0.5256190408397887,0.392456796493269,0.537380917543925,0.4294595554160073,101.26287841796876,0.2995786964893341,-0.9696155786514282,0.1995638906955719,-0.9028388857841492,0.2341716438531875,11.035704612731934,True,True,small_n,1,1,11.381134891988834,low_confidence_likely_fail
k1_l1_tr,0.8729824734041872,0.9374814968550668,0.1616960733119915,0.6041269153387001,1.896422421779425,0.6601579934132975,0.3767676708364407,0.9045360509665248,0.5050770449455976,0.4680343803282838,2.4492213346932172,0.0750498129600013,0.504346054372647,0.5952985908436306,0.5013926748095704,0.5411919462707029,0.4791044502000477,0.5113141875339556,100.84142303466795,0.2996227741241455,-0.8593215942382812,0.2471106648445129,-0.9215174913406372,0.234586477279663,11.043553352355955,False,False,small_n,1,1,11.72503287973489,not_trusted
k1_l1_tr,0.8683768518940038,0.9372517068658104,0.1502419790004604,0.6004502431748882,0.4098410776272,0.6625848436412216,0.3289091680033245,0.9820199261419824,0.5683310118238565,0.1412583952533051,-2.4279652446743545,0.0815433980025431,0.4028087876902024,0.1637101769921246,0.5330485228745844,0.391002303245719,0.196540794105323,0.3432028656168742,101.22776794433594,0.2997247278690338,-0.7409241795539856,0.1795548051595688,-0.7961991429328918,0.2329476475715637,10.991753578186035,False,False,small_n,1,1,10.997819661133551,not_trusted
k1_l1_tr,0.8896228251665886,0.937442482052856,0.1793181530655433,0.458001960267182,1.295605281180787,0.6592738885933436,0.3087366200075538,0.9380662135222152,0.573089666356101,0.225467745764749,-5.387448544821335,0.1073899905015015,0.539724813057255,0.6313034468984784,0.5115238558974874,0.3974436806285599,0.382986380250135,0.2394676279068507,99.55741119384766,0.3072667121887207,-0.610878050327301,0.1810058206319809,0.792260468006134,0.2326577752828598,11.046097755432127,False,False,small_n,1,1,11.684741351462138,not_trusted
k1_l1_tr,0.8884328036586785,0.9374854041996528,0.1609233684867847,0.4896150123398876,1.4233014104335406,0.6737015646217452,0.3002007824806206,0.8861969111282115,0.5297619003045712,0.5545037024390083,9.878355608316634,0.1132580136448251,0.5634557322910765,0.6374596013885583,0.5431900349462928,0.5393118042883748,0.3942613497756568,0.536671849982333,99.63694763183594,0.3035862445831299,-0.9498040676116944,0.1974700540304184,0.3292593657970428,0.232712835073471,11.04396915435791,False,False,small_n,1,1,11.687165510441632,not_trusted
k1_l1_tr,0.8652042393648829,0.9374844353150564,0.1671287365884358,0.5100487367629736,0.5547663211105015,0.6427852114754851,0.3313112334272708,0.9303851469714418,0.4515908863195025,0.2921057336827573,0.8587136773775873,0.0762084094453284,0.5175077968799856,0.4483638337921883,0.5306056840912986,0.4448104767627324,0.327900543791522,0.2738890316341024,102.0589599609375,0.300020694732666,-0.9062687754631042,0.1944576352834701,-1.1521093845367432,0.2355424612760543,11.034278869628906,True,True,small_n,1,1,11.030527708707693,low_confidence_likely_fail
k1_l1_tr,0.8594854535380633,0.9375086561248612,0.141638581758718,0.4590975577254894,0.602566521372872,0.7341576593617292,0.381624395479916,0.8579865393103204,0.5329412054496997,0.4037599766453293,5.857459466248127,0.1028488883827145,0.5699782888094598,0.623624928610336,0.5681619590595679,0.569613890831105,0.3480388590278906,0.1930913223261565,100.88243103027344,0.2995831966400146,-1.0137944221496582,0.2134163230657577,-0.4468583762645721,0.2329313158988952,10.998684883117676,True,True,small_n,1,1,11.004101694702632,low_confidence_likely_fail
k1_l1_tr,0.8899814963991494,0.9375210364955984,0.1511826161557748,0.5934641134472319,1.5254281528298987,0.6403729635341746,0.3281355129838672,0.9288745940375552,0.5611391203409037,0.2911897905683817,2.677000858691136,0.0775896995346623,0.4754359028367603,0.5571547356250802,0.5524068561148306,0.4643177878080731,0.6704379422020161,0.4251170510217478,100.22844696044922,0.2997791469097137,-1.0012847185134888,0.1988721787929535,-0.5238310694694519,0.2336381822824478,11.042977333068848,False,False,small_n,1,1,11.71354331457375,not_trusted
k1_l1_tr,0.8648087234743751,0.937509359475972,0.169132514222162,0.4599324968339405,1.5578178830258955,0.6531587016595664,0.3413209093554553,0.9535044087332885,0.5151990704753296,0.488706416607345,-20.7300559984628,0.0665000661414226,0.3373532733150334,0.3792055776403323,0.4873747194716077,0.4746231477919873,0.537290412819548,0.3780180119035801,100.95653533935548,0.2996014952659607,-0.8404030203819275,0.18685844540596,-0.9756506085395812,0.2336994558572769,11.039430618286133,False,False,small_n,1,1,11.497089073164078,not_trusted
k1_l1_tr,0.8763012817265097,0.9263232966321244,0.1642107550156195,0.5863366682055585,1.0269639004260276,0.622070481756083,0.3830200760951989,0.8646575363283681,0.4286420049657171,0.4896907754246682,9.470586396730065,0.0744700096266411,0.560211122334046,0.3498117559940474,0.4748630245259221,0.4336468440254618,0.370163504142953,0.3861371495817449,102.39723205566406,0.3002083301544189,-0.8002622127532959,0.192494198679924,-1.2421847581863403,0.2397916764020919,11.039356231689451,False,False,small_n,1,1,11.305299779205011,not_trusted
k1_l1_tr,0.8578890252575285,0.937505709337353,0.1278604518799615,0.6424313019572294,1.0116873982850627,0.6219708681164506,0.3536283561540789,0.8580005685123895,0.5792207852660536,0.3353509798913933,-1.6002221233456964,0.0754402728771473,0.5696812280559315,0.6641605490368313,0.6680265687694015,0.4428002599463724,0.4891682561165484,0.421230683795691,101.59683227539062,0.2996827960014343,-1.0031031370162964,0.2007455825805664,-0.895803689956665,0.2349527478218078,11.000401496887209,True,True,small_n,1,1,11.031926155427357,low_confidence_likely_fail
k1_l1_tr,0.8899776136721267,0.9374989677341532,0.1426627379588131,0.5140018819942949,1.2353126355852004,0.6980522244000015,0.2902286794901492,0.9088134260423733,0.5738562628119548,0.3053449198484403,-7.282722257357105,0.1110257356034845,0.5692348383282348,0.5644983951649176,0.5797006109618777,0.5138893282153556,0.5112385449054054,0.3398467143211937,99.51091766357422,0.3075377941131592,-0.6043457388877869,0.1839225590229034,0.6238278746604919,0.2327658236026764,11.040773391723633,False,False,small_n,1,1,11.602125001300411,not_trusted
k1_l1_tr,0.890002747986023,0.9374897164876286,0.1430715329540085,0.5062375995354896,1.6783761335456444,0.7305145513538952,0.3313996816922992,0.8802197108133172,0.4950504288740132,0.4305422681573153,1.0369052373203442,0.1041723862817607,0.5699649472882214,0.5156496113322089,0.5359568625740824,0.5321116856021665,0.3654313736983376,0.5758840080124363,99.7370147705078,0.302428126335144,-1.0144474506378174,0.2167614698410034,0.0373002439737319,0.2329172641038894,11.044486045837402,False,False,small_n,1,1,11.824884307263272,not_trusted
k1_l1_tr,0.8859249700147462,0.9374800104679752,0.151194547872222,0.646108362160837,1.8099761490569464,0.6551387414825083,0.3834394229777286,0.9028063094105097,0.4352421103073738,0.437189464608052,6.731607776907347,0.0816580837390157,0.5668224240547464,0.5005547271287648,0.4975869118209546,0.5319836540443648,0.4681034226714078,0.3372259271222073,101.04216766357422,0.2996229231357574,-0.8528363108634949,0.2398578226566314,-0.9804096817970276,0.2349240630865097,11.045310020446776,False,False,small_n,1,1,11.798688327114238,not_trusted
k1_l1_tr,0.884793202407854,0.93750581252388,0.1511781819353522,0.5007600599518682,1.741365612967548,0.651531305832209,0.3599865108123959,0.8581576113269594,0.5167862133832581,0.6539195114505504,9.59052095270746,0.1046487956639295,0.5432860030834795,0.6019360245042065,0.4908610359378587,0.5589420890039775,0.4090844793047454,0.5277345654608826,99.81552124023438,0.3028997778892517,-1.0134907960891724,0.2125289142131805,0.0707563087344169,0.2329112589359283,11.044986724853516,False,False,small_n,1,1,11.74912599670456,not_trusted
k1_l1_tr,0.8633247766195392,0.9375216356750358,0.1826061605786987,0.6217014644673561,1.6187147112780371,0.6703104181539591,0.3479540713657186,0.9159482386848764,0.5648598944442002,0.377942059633547,9.86419593375914,0.0804294715635204,0.5358607629554545,0.6419872743222057,0.4895950950635719,0.4048582294506054,0.404780791853728,0.4761347985008923,100.73983764648438,0.2996129989624023,-0.9732988476753236,0.1966395378112793,-0.7046501040458679,0.2334921211004257,11.041717529296877,False,False,small_n,1,1,11.55624626113082,not_trusted
