_2_fwd_4_COLUs_col4_0_speed_r_2_PV_sp,_2_fwd_3_GUIDEs_GUIDE_3_1_SplineSnap_4_SHIFTS_PV_v_03,_2_fwd_3_GUIDEs_GUIDE_3_1_SplineSnap_4_SHIFTS_PV_u_03,_2_fwd_3_GUIDEs_GUIDE_3_1_SplineSnap_4_SHIFTS_PV_t_02,_2_fwd_3_GUIDEs_GUIDE_2_4_circleSnap_PV_t_angle,_2_fwd_3_GUIDEs_GUIDE_2_4_circleSnap_PV_sp,_2_fwd_3_GUIDEs_GUIDE_2_4_circleSnap_PV_ax_end,_2_fwd_3_GUIDEs_GUIDE_2_1_SplineSnap_4_SHIFTS_PV_v_02,_2_fwd_3_GUIDEs_GUIDE_2_1_SplineSnap_4_SHIFTS_PV_u_02,_2_fwd_2_VERTICAL_2_FRAME_seg02_PM_PV_zr_end,_2_fwd_2_VERTICAL_2_FRAME_seg01_PM_PV_zr_end,_2_fwd_2_VERTICAL_1_STEM_seg02_PM_PV_ar_mid,_2_fwd_2_VERTICAL_1_STEM_seg01_PV_sp_Start,_2_fwd_2_VERTICAL_1_STEM_seg01_PV_sp_End,_2_fwd_2_VERTICAL_1_STEM_PM_PV_zr_bulbNose,_2_fwd_2_VERTICAL_0_PM_PV_zr_FP,FORCES,RESISTANCE_ratio_AA,_fsopt_design_id,_fsopt_generation
0.62,0.5011764706,0.5003921569,0.4996078431,0.3450980392,0.05976470588,-0.02352941176,0.4988235294,0.4996078431,0.8711764706,0.6,0.3490196078,0.4992941176,0.1074509804,0.877254902,0.8901960784,0.1852549,100.0331,03_OPT/00/SobolVicinity_000/DES_00001,1
0.6833333333,0.4541176471,0.5301960784,0.4474509804,0.3717647059,0.05007843137,3.105882353,0.4392156863,0.4698039216,0.8817647059,0.581372549,0.4235294118,0.4724705882,0.111372549,0.8662745098,0.9088235294,-0.2522634,100.0733,03_OPT/00/SobolVicinity_000/DES_00002,1
0.5566666667,0.5458823529,0.4705882353,0.5517647059,0.3168627451,0.06996078431,-3.152941176,0.5584313725,0.5294117647,0.8605882353,0.618627451,0.2745098039,0.5275294118,0.1039215686,0.8890196078,0.8715686275,0.7886371,100.0653,03_OPT/00/SobolVicinity_000/DES_00003,1
0.5866666667,0.4776470588,0.5145098039,0.42,0.3858823529,0.07454901961,-4.8,0.5301960784,0.4556862745,0.8870588235,0.5901960784,0.3882352941,0.4597647059,0.1054901961,0.882745098,0.8617647059,-0.002367439,100.2922,03_OPT/00/SobolVicinity_000/DES_00004,1
0.7166666667,0.5670588235,0.4549019608,0.5270588235,0.3309803922,0.05517647059,1.623529412,0.4109803922,0.5152941176,0.8658823529,0.6284313725,0.2392156863,0.5134117647,0.1129411765,0.8607843137,0.8990196078,0.3541576,100.0226,03_OPT/00/SobolVicinity_000/DES_00005,1
0.6533333333,0.4329411765,0.4847058824,0.4749019608,0.3043137255,0.0648627451,4.752941176,0.5898039216,0.4854901961,0.8552941176,0.5715686275,0.3137254902,0.4865882353,0.1094117647,0.8945098039,0.9176470588,0.831956,99.7538,03_OPT/00/SobolVicinity_000/DES_00006,1
0.5233333333,0.5223529412,0.5443137255,0.5792156863,0.3592156863,0.04549019608,-1.505882353,0.4705882353,0.5450980392,0.8764705882,0.6098039216,0.462745098,0.5402352941,0.1019607843,0.8717647059,0.8803921569,-0.07018086,100.1787,03_OPT/00/SobolVicinity_000/DES_00007,1
0.54,0.4658823529,0.4768627451,0.5380392157,0.351372549,0.04803921569,-5.458823529,0.6054901961,0.4619607843,0.8529411765,0.6137254902,0.4431372549,0.5063529412,0.1101960784,0.8631372549,0.9039215686,-0.4699003,100.1176,03_OPT/00/SobolVicinity_000/DES_00008,1
0.6666666667,0.5552941176,0.5380392157,0.4337254902,0.2964705882,0.06741176471,0.8,0.4862745098,0.5231372549,0.8741176471,0.5764705882,0.2941176471,0.4527058824,0.102745098,0.8858823529,0.8666666667,0.22447,100.2161,03_OPT/00/SobolVicinity_000/DES_00009,1
0.73,0.4211764706,0.5082352941,0.5929411765,0.3247058824,0.0577254902,3.929411765,0.5458823529,0.4917647059,0.8847058824,0.6323529412,0.2196078431,0.5331764706,0.1066666667,0.8749019608,0.8852941176,0.2904063,100.0453,03_OPT/00/SobolVicinity_000/DES_00010,1
0.6033333333,0.5105882353,0.4470588235,0.4858823529,0.3796078431,0.07709803922,-2.329411765,0.4235294118,0.5529411765,0.8635294118,0.5950980392,0.368627451,0.4795294118,0.1141176471,0.8968627451,0.9225490196,3.128435,99.64248,03_OPT/00/SobolVicinity_000/DES_00011,1
0.5733333333,0.4447058824,0.5521568627,0.5133333333,0.3388235294,0.072,-3.976470588,0.4549019608,0.4478431373,0.89,0.6235294118,0.3294117647,0.5204705882,0.1121568627,0.8803921569,0.8950980392,0.9460106,99.92479,03_OPT/00/SobolVicinity_000/DES_00012,1
0.7,0.5341176471,0.4925490196,0.4090196078,0.3937254902,0.05262745098,2.282352941,0.5741176471,0.5074509804,0.8688235294,0.5862745098,0.4823529412,0.4668235294,0.1047058824,0.8576470588,0.8568627451,-0.6810467,100.4719,03_OPT/00/SobolVicinity_000/DES_00013,1
0.6366666667,0.4894117647,0.462745098,0.5654901961,0.3654901961,0.06231372549,5.576470588,0.3952941176,0.4776470588,0.8582352941,0.6049019608,0.4078431373,0.5472941176,0.1007843137,0.891372549,0.8754901961,-0.08128781,100.1416,03_OPT/00/SobolVicinity_000/DES_00014,1
0.51,0.5788235294,0.5223529412,0.4611764706,0.3105882353,0.04294117647,-0.8470588235,0.5145098039,0.537254902,0.8794117647,0.5676470588,0.2549019608,0.4936470588,0.108627451,0.8694117647,0.9137254902,-0.1012706,100.0937,03_OPT/00/SobolVicinity_000/DES_00015,1
0.5166666667,0.4941176471,0.5411764706,0.4803921569,0.3215686275,0.05415686275,0.4705882353,0.5835294118,0.5341176471,0.8670588235,0.5931372549,0.4549019608,0.5374117647,0.1023529412,0.8898039216,0.8921568627,0.3036607,99.98354,03_OPT/00/SobolVicinity_000/DES_00016,1
0.6433333333,0.5835294118,0.4815686275,0.5847058824,0.3764705882,0.07352941176,-5.952941176,0.4611764706,0.4745098039,0.8882352941,0.6303921569,0.3019607843,0.4837647059,0.1098039216,0.8678431373,0.8549019608,0.305555,100.2286,03_OPT/00/SobolVicinity_000/DES_00017,1
0.7066666667,0.4494117647,0.4517647059,0.4282352941,0.3482352941,0.04396078431,-2.823529412,0.5239215686,0.5043137255,0.8776470588,0.5745098039,0.2274509804,0.5105882353,0.1137254902,0.8788235294,0.8735294118,-0.7870764,100.5069,03_OPT/00/SobolVicinity_000/DES_00018,1
0.58,0.5388235294,0.511372549,0.5325490196,0.2933333333,0.06384313725,3.6,0.4015686275,0.4431372549,0.8564705882,0.6117647059,0.3764705882,0.4555294118,0.1062745098,0.8560784314,0.9107843137,0.2606355,99.96251,03_OPT/00/SobolVicinity_000/DES_00019,1
0.6133333333,0.4258823529,0.4956862745,0.4529411765,0.3623529412,0.06843137255,1.952941176,0.4925490196,0.5482352941,0.8723529412,0.5647058824,0.3411764706,0.5501176471,0.1043137255,0.8733333333,0.9019607843,1.292397,99.90071,03_OPT/00/SobolVicinity_000/DES_00020,1
0.74,0.5176470588,0.5568627451,0.56,0.3074509804,0.04905882353,-4.305882353,0.6117647059,0.488627451,0.8511764706,0.6019607843,0.4901960784,0.4964705882,0.1117647059,0.8960784314,0.8647058824,-0.6586993,100.1594,03_OPT/00/SobolVicinity_000/DES_00021,1
0.6766666667,0.4729411765,0.5254901961,0.4007843137,0.3341176471,0.07811764706,-1.176470588,0.4329411765,0.5184313725,0.8617647059,0.5833333333,0.4156862745,0.5232941176,0.1078431373,0.8623529412,0.8833333333,1.24323,100.0017,03_OPT/00/SobolVicinity_000/DES_00022,1
0.5466666667,0.5623529412,0.4658823529,0.5078431373,0.3890196078,0.05874509804,5.082352941,0.5521568627,0.4588235294,0.8829411765,0.6215686275,0.2666666667,0.4696470588,0.1003921569,0.8843137255,0.9205882353,0.3466262,99.85248,03_OPT/00/SobolVicinity_000/DES_00023,1
0.5333333333,0.4376470588,0.5035294118,0.5709803922,0.382745098,0.05619607843,1.129411765,0.417254902,0.5560784314,0.87,0.6254901961,0.2078431373,0.4767058824,0.1090196078,0.8984313725,0.868627451,0.07013467,100.2203,03_OPT/00/SobolVicinity_000/DES_00024,1
0.66,0.5270588235,0.4439215686,0.4666666667,0.3278431373,0.07607843137,-5.129411765,0.5364705882,0.4964705882,0.8911764706,0.5882352941,0.3607843137,0.5303529412,0.1015686275,0.8764705882,0.9068627451,1.901851,99.83434,03_OPT/00/SobolVicinity_000/DES_00025,1
0.7233333333,0.4823529412,0.4737254902,0.5188235294,0.2996078431,0.04650980392,-2.0,0.4768627451,0.5262745098,0.8805882353,0.6068627451,0.4352941176,0.4498823529,0.1050980392,0.8874509804,0.9254901961,0.6311902,99.77838,03_OPT/00/SobolVicinity_000/DES_00026,1
0.5966666667,0.5741176471,0.5333333333,0.4145098039,0.3560784314,0.06588235294,4.258823529,0.5960784314,0.4666666667,0.8594117647,0.5696078431,0.2862745098,0.5035294118,0.1125490196,0.8647058824,0.887254902,-0.1180744,100.1449,03_OPT/00/SobolVicinity_000/DES_00027,1
0.5633333333,0.4611764706,0.4580392157,0.5984313725,0.3137254902,0.06129411765,2.776470588,0.5082352941,0.5419607843,0.8752941176,0.6166666667,0.3960784314,0.4894117647,0.1145098039,0.8701960784,0.8598039216,0.3711534,100.1911,03_OPT/00/SobolVicinity_000/DES_00028,1
0.6933333333,0.5505882353,0.5192156863,0.4941176471,0.368627451,0.04192156863,-3.482352941,0.3890196078,0.4807843137,0.8541176471,0.5784313725,0.2470588235,0.5444705882,0.1070588235,0.8929411765,0.8970588235,-0.8078009,100.2967,03_OPT/00/SobolVicinity_000/DES_00029,1
0.6266666667,0.4164705882,0.5490196078,0.5462745098,0.3968627451,0.07098039216,-0.3529411765,0.5678431373,0.5105882353,0.8647058824,0.6352941176,0.3215686275,0.4625882353,0.1031372549,0.8592156863,0.9156862745,1.541289,99.73657,03_OPT/00/SobolVicinity_000/DES_00030,1
0.5,0.5058823529,0.4894117647,0.4419607843,0.3419607843,0.05160784314,5.905882353,0.448627451,0.4509803922,0.8858823529,0.5980392157,0.4705882353,0.5162352941,0.1105882353,0.8819607843,0.8784313725,-0.5644581,100.3379,03_OPT/00/SobolVicinity_000/DES_00031,1
0.5033333333,0.4588235294,0.5129411765,0.5160784314,0.3670588235,0.06537254902,-2.988235294,0.542745098,0.5090196078,0.8517647059,0.5774509804,0.2431372549,0.4851764706,0.102745098,0.86,0.8725490196,-0.2124531,100.3581,03_OPT/00/SobolVicinity_000/DES_00032,1
0.6333333333,0.5482352941,0.4533333333,0.4117647059,0.3121568627,0.046,3.270588235,0.4203921569,0.4494117647,0.8735294118,0.6156862745,0.3921568627,0.5388235294,0.1101960784,0.882745098,0.9098039216,-0.3446355,100.1267,03_OPT/00/SobolVicinity_000/DES_00033,1
0.6966666667,0.4117647059,0.4831372549,0.5682352941,0.3403921569,0.07505882353,0.1411764706,0.6023529412,0.5388235294,0.8841176471,0.5960784314,0.4666666667,0.4583529412,0.1137254902,0.8709803922,0.8911764706,1.982751,99.7349,03_OPT/00/SobolVicinity_000/DES_00034,1
0.5666666667,0.5035294118,0.542745098,0.4639215686,0.3952941176,0.05568627451,-6.117647059,0.48,0.4792156863,0.8623529412,0.6343137255,0.3176470588,0.512,0.1062745098,0.8937254902,0.8539215686,-0.6472488,100.453,03_OPT/00/SobolVicinity_000/DES_00035,1
0.6,0.4352941176,0.4674509804,0.5435294118,0.3262745098,0.05109803922,-1.341176471,0.3921568627,0.5247058824,0.8894117647,0.587254902,0.3529411765,0.4978823529,0.1043137255,0.8882352941,0.881372549,-0.1010205,100.2288,03_OPT/00/SobolVicinity_000/DES_00036,1
0.7266666667,0.5247058824,0.528627451,0.4364705882,0.3811764706,0.07047058824,4.917647059,0.511372549,0.4650980392,0.8676470588,0.6245098039,0.2039215686,0.5529411765,0.1117647059,0.8654901961,0.9196078431,1.402962,99.73347,03_OPT/00/SobolVicinity_000/DES_00037,1
0.6633333333,0.48,0.5584313725,0.5956862745,0.3529411765,0.04090196078,1.788235294,0.4517647059,0.5545098039,0.8570588235,0.568627451,0.2784313725,0.4710588235,0.1082352941,0.8992156863,0.9009803922,-0.3502567,100.0315,03_OPT/00/SobolVicinity_000/DES_00038,1
0.5366666667,0.5694117647,0.4988235294,0.491372549,0.2980392157,0.06078431373,-4.470588235,0.5709803922,0.4949019608,0.8788235294,0.6058823529,0.431372549,0.5247058824,0.1007843137,0.8764705882,0.862745098,-0.0698237,100.2641,03_OPT/00/SobolVicinity_000/DES_00039,1
0.5533333333,0.4235294118,0.5349019608,0.4254901961,0.3058823529,0.06282352941,-2.164705882,0.4674509804,0.5168627451,0.8547058824,0.6009803922,0.4862745098,0.5317647059,0.1090196078,0.8623529412,0.9235294118,1.447484,99.77223,03_OPT/00/SobolVicinity_000/DES_00040,1
0.68,0.5129411765,0.4752941176,0.5298039216,0.3607843137,0.04345098039,4.094117647,0.5866666667,0.457254902,0.8758823529,0.5637254902,0.337254902,0.4781176471,0.1015686275,0.8850980392,0.8862745098,-1.00041,100.4019,03_OPT/00/SobolVicinity_000/DES_00041,1
0.7433333333,0.4682352941,0.4454901961,0.4776470588,0.3874509804,0.07301960784,0.9647058824,0.4047058824,0.5466666667,0.8864705882,0.6196078431,0.262745098,0.5049411765,0.1054901961,0.8741176471,0.8676470588,0.958583,100.1084,03_OPT/00/SobolVicinity_000/DES_00042,1
0.6166666667,0.56,0.5050980392,0.5819607843,0.3325490196,0.0531372549,-5.294117647,0.5270588235,0.4870588235,0.8652941176,0.5823529412,0.4117647059,0.4512941176,0.1129411765,0.8968627451,0.9049019608,-0.0274631,99.89292,03_OPT/00/SobolVicinity_000/DES_00043,1
0.5833333333,0.4917647059,0.4909803922,0.3980392157,0.3749019608,0.05823529412,-0.5176470588,0.6149019608,0.5011764706,0.8917647059,0.6294117647,0.2980392157,0.5458823529,0.1149019608,0.8796078431,0.9147058824,1.089917,99.79734,03_OPT/00/SobolVicinity_000/DES_00044,1
0.71,0.5811764706,0.5505882353,0.5023529412,0.32,0.07760784314,5.741176471,0.4956862745,0.4415686275,0.8705882353,0.5921568627,0.4470588235,0.4922352941,0.1074509804,0.8568627451,0.8774509804,0.6573446,99.98489,03_OPT/00/SobolVicinity_000/DES_00045,1
0.6466666667,0.4470588235,0.5207843137,0.4501960784,0.2917647059,0.04854901961,2.611764706,0.5552941176,0.5325490196,0.86,0.6107843137,0.3725490196,0.5190588235,0.1035294118,0.8905882353,0.8588235294,-0.4872522,100.3793,03_OPT/00/SobolVicinity_000/DES_00046,1
0.52,0.5364705882,0.4611764706,0.5545098039,0.3466666667,0.06792156863,-3.811764706,0.4360784314,0.471372549,0.8811764706,0.5735294118,0.2235294118,0.464,0.1109803922,0.868627451,0.8960784314,0.3225278,100.123,03_OPT/00/SobolVicinity_000/DES_00047,1
0.5133333333,0.4517647059,0.4721568627,0.6011764706,0.3984313725,0.0791372549,3.764705882,0.4894117647,0.4823529412,0.8664705882,0.5892156863,0.4941176471,0.5021176471,0.1003921569,0.8921568627,0.912745098,1.962369,99.6792,03_OPT/00/SobolVicinity_000/DES_00048,1
0.64,0.5411764706,0.5317647059,0.4968627451,0.3435294118,0.05925490196,-2.494117647,0.608627451,0.5435294118,0.8876470588,0.6264705882,0.3450980392,0.4470588235,0.1078431373,0.8694117647,0.8745098039,0.38128,100.0553,03_OPT/00/SobolVicinity_000/DES_00049,1
0.7033333333,0.4964705882,0.5019607843,0.5490196078,0.3152941176,0.06894117647,-5.788235294,0.4298039216,0.4525490196,0.8770588235,0.5705882353,0.2705882353,0.5289411765,0.111372549,0.8811764706,0.8558823529,-0.1301574,100.3731,03_OPT/00/SobolVicinity_000/DES_00050,1
0.5766666667,0.5882352941,0.4423529412,0.4447058824,0.3701960784,0.04956862745,0.6352941176,0.5490196078,0.5137254902,0.8558823529,0.6078431373,0.4196078431,0.4752941176,0.1039215686,0.8584313725,0.8931372549,-0.4188033,100.2107,03_OPT/00/SobolVicinity_000/DES_00051,1
0.6066666667,0.4752941176,0.5474509804,0.5764705882,0.302745098,0.04498039216,5.247058824,0.577254902,0.4980392157,0.8717647059,0.5803921569,0.3058823529,0.5148235294,0.1058823529,0.8756862745,0.9215686275,0.091447,99.89533,03_OPT/00/SobolVicinity_000/DES_00052,1
0.7366666667,0.5647058824,0.4862745098,0.4694117647,0.3576470588,0.06435294118,-1.011764706,0.4580392157,0.5576470588,0.8505882353,0.6176470588,0.4588235294,0.4611764706,0.1133333333,0.8976470588,0.8843137255,0.9695443,99.81099,03_OPT/00/SobolVicinity_000/DES_00053,1
0.6733333333,0.4305882353,0.4564705882,0.5243137255,0.3843137255,0.05466666667,-4.141176471,0.5176470588,0.4682352941,0.8611764706,0.5990196078,0.3843137255,0.5416470588,0.1098039216,0.8639215686,0.8656862745,-0.6122431,100.4174,03_OPT/00/SobolVicinity_000/DES_00054,1
0.5433333333,0.52,0.5176470588,0.417254902,0.3294117647,0.07403921569,2.117647059,0.3984313725,0.5278431373,0.8823529412,0.6362745098,0.231372549,0.488,0.1019607843,0.8866666667,0.9029411765,1.80574,99.89059,03_OPT/00/SobolVicinity_000/DES_00055,1
0.53,0.4870588235,0.448627451,0.4584313725,0.3356862745,0.07149019608,4.588235294,0.5050980392,0.4901960784,0.8694117647,0.631372549,0.2509803922,0.4541176471,0.1105882353,0.8952941176,0.8892156863,0.7515345,99.98049,03_OPT/00/SobolVicinity_000/DES_00056,1
0.6566666667,0.5764705882,0.5098039216,0.562745098,0.3921568627,0.05211764706,-1.835294118,0.382745098,0.551372549,0.8905882353,0.5941176471,0.4,0.5077647059,0.1031372549,0.8725490196,0.9264705882,1.412183,99.76767,03_OPT/00/SobolVicinity_000/DES_00057,1
0.72,0.44,0.5396078431,0.4035294118,0.3639215686,0.06180392157,-4.964705882,0.5647058824,0.4603921569,0.88,0.612745098,0.4784313725,0.4809411765,0.1066666667,0.8835294118,0.9078431373,0.4096172,99.84826,03_OPT/00/SobolVicinity_000/DES_00058,1
0.5933333333,0.5317647059,0.48,0.5105882353,0.3090196078,0.04243137255,1.458823529,0.4423529412,0.52,0.8588235294,0.5754901961,0.3254901961,0.536,0.1141176471,0.8615686275,0.8696078431,-0.7264709,100.5194,03_OPT/00/SobolVicinity_000/DES_00059,1
0.56,0.4188235294,0.5239215686,0.4831372549,0.3498039216,0.04701960784,6.070588235,0.4141176471,0.4760784314,0.8747058824,0.6039215686,0.3647058824,0.4682352941,0.1125490196,0.8670588235,0.8794117647,-0.7117719,100.4277,03_OPT/00/SobolVicinity_000/DES_00060,1
0.6866666667,0.5082352941,0.4643137255,0.5874509804,0.2949019608,0.06690196078,-0.1882352941,0.5333333333,0.5356862745,0.8535294118,0.5656862745,0.2156862745,0.5218823529,0.1050980392,0.8898039216,0.9166666667,1.628379,99.74757,03_OPT/00/SobolVicinity_000/DES_00061,1
0.6233333333,0.4635294118,0.4941176471,0.4309803922,0.3231372549,0.05670588235,-3.317647059,0.4737254902,0.4462745098,0.8641176471,0.6225490196,0.2901960784,0.4950588235,0.1011764706,0.8560784314,0.8980392157,-0.3253438,100.2977,03_OPT/00/SobolVicinity_000/DES_00062,1
0.4966666667,0.5529411765,0.5537254902,0.5352941176,0.3780392157,0.07658823529,2.941176471,0.5929411765,0.5058823529,0.8852941176,0.5843137255,0.4392156863,0.5487058824,0.108627451,0.8780392157,0.8607843137,0.8673243,100.0397,03_OPT/00/SobolVicinity_000/DES_00063,1
0.5,0.4823529412,0.4941176471,0.562745098,0.3137254902,0.07454901961,-1.341176471,0.5458823529,0.4698039216,0.8658823529,0.6137254902,0.3725490196,0.5105882353,0.1050980392,0.8780392157,0.8774509804,0.6669921,100.0411,03_OPT/00/SobolVicinity_000/DES_00064,1
0.6266666667,0.5717647059,0.5537254902,0.4584313725,0.368627451,0.05466666667,5.082352941,0.4266666667,0.5294117647,0.8870588235,0.5754901961,0.2196078431,0.4569411765,0.1125490196,0.8552941176,0.9147058824,0.4643359,99.96675,03_OPT/00/SobolVicinity_000/DES_00065,1
0.69,0.4376470588,0.5239215686,0.5105882353,0.3952941176,0.06435294118,1.788235294,0.6054901961,0.4996078431,0.8764705882,0.6323529412,0.2980392157,0.5374117647,0.108627451,0.8890196078,0.8960784314,0.9113836,99.83178,03_OPT/00/SobolVicinity_000/DES_00066,1
0.5633333333,0.5270588235,0.462745098,0.4062745098,0.3403921569,0.04498039216,-4.470588235,0.4862745098,0.5592156863,0.8547058824,0.5950980392,0.4470588235,0.4837647059,0.1011764706,0.8662745098,0.8588235294,-0.6658409,100.5776,03_OPT/00/SobolVicinity_000/DES_00067,1
0.5933333333,0.4141176471,0.5380392157,0.5901960784,0.3811764706,0.05007843137,-2.823529412,0.3984313725,0.4541176471,0.8817647059,0.6225490196,0.2588235294,0.5247058824,0.1031372549,0.8607843137,0.887254902,-0.4845909,100.3643,03_OPT/00/SobolVicinity_000/DES_00068,1
0.72,0.5035294118,0.4784313725,0.4858823529,0.3262745098,0.06945098039,3.435294118,0.5176470588,0.5137254902,0.86,0.5852941176,0.4078431373,0.4710588235,0.1105882353,0.8835294118,0.9245098039,2.020573,99.60304,03_OPT/00/SobolVicinity_000/DES_00069,1
0.6566666667,0.4588235294,0.448627451,0.5380392157,0.2996078431,0.05976470588,0.3058823529,0.4580392157,0.4839215686,0.8711764706,0.6039215686,0.4823529412,0.5515294118,0.1145098039,0.8725490196,0.9058823529,0.8561995,99.8602,03_OPT/00/SobolVicinity_000/DES_00070,1
0.53,0.5482352941,0.5082352941,0.4337254902,0.3545098039,0.0791372549,-5.952941176,0.577254902,0.5435294118,0.8923529412,0.5666666667,0.3333333333,0.4978823529,0.1070588235,0.8945098039,0.868627451,1.245034,100.0844,03_OPT/00/SobolVicinity_000/DES_00071,1
0.5466666667,0.4470588235,0.4564705882,0.4996078431,0.3607843137,0.07658823529,-0.5176470588,0.4423529412,0.4462745098,0.8629411765,0.5715686275,0.2784313725,0.4498823529,0.1133333333,0.8866666667,0.9196078431,1.067529,99.8337,03_OPT/00/SobolVicinity_000/DES_00072,1
0.6733333333,0.5388235294,0.5160784314,0.6039215686,0.3058823529,0.05721568627,5.741176471,0.5615686275,0.5058823529,0.8841176471,0.6088235294,0.4274509804,0.5035294118,0.1058823529,0.8639215686,0.8823529412,0.3323686,100.0098,03_OPT/00/SobolVicinity_000/DES_00073,1
0.7366666667,0.4941176471,0.5458823529,0.4447058824,0.3341176471,0.06690196078,2.611764706,0.382745098,0.4760784314,0.8735294118,0.5901960784,0.3529411765,0.4767058824,0.1023529412,0.8976470588,0.8637254902,-0.1155399,100.2399,03_OPT/00/SobolVicinity_000/DES_00074,1
0.61,0.5835294118,0.4862745098,0.5517647059,0.3890196078,0.04752941176,-3.647058824,0.5019607843,0.537254902,0.8523529412,0.6274509804,0.2039215686,0.5317647059,0.1098039216,0.8749019608,0.9009803922,0.003453937,100.0379,03_OPT/00/SobolVicinity_000/DES_00075,1
0.5766666667,0.4705882353,0.5003921569,0.4721568627,0.32,0.04243137255,-2.0,0.5929411765,0.4619607843,0.8788235294,0.5990196078,0.4666666667,0.464,0.1078431373,0.8584313725,0.9107843137,-0.5394438,100.1576,03_OPT/00/SobolVicinity_000/DES_00076,1
0.7066666667,0.56,0.4407843137,0.5764705882,0.3749019608,0.06231372549,4.258823529,0.4705882353,0.5215686275,0.8576470588,0.637254902,0.3137254902,0.5176470588,0.1003921569,0.8803921569,0.8725490196,0.2292025,100.0809,03_OPT/00/SobolVicinity_000/DES_00077,1
0.6433333333,0.4258823529,0.4705882353,0.42,0.3482352941,0.05262745098,1.129411765,0.5333333333,0.4917647059,0.8682352941,0.5803921569,0.2392156863,0.4908235294,0.1039215686,0.8694117647,0.8539215686,-0.7825771,100.699,03_OPT/00/SobolVicinity_000/DES_00078,1
0.5133333333,0.5152941176,0.5301960784,0.5243137255,0.2933333333,0.072,-5.294117647,0.4109803922,0.551372549,0.8894117647,0.618627451,0.3882352941,0.5444705882,0.1117647059,0.8921568627,0.8921568627,2.332009,99.8393,03_OPT/00/SobolVicinity_000/DES_00079,1
0.5233333333,0.4305882353,0.5192156863,0.5298039216,0.3435294118,0.06078431373,5.411764706,0.48,0.5560784314,0.8588235294,0.6205882353,0.2862745098,0.4738823529,0.1074509804,0.8678431373,0.9176470588,1.333713,99.81182,03_OPT/00/SobolVicinity_000/DES_00080,1
0.65,0.52,0.4596078431,0.4254901961,0.3984313725,0.04141176471,-0.8470588235,0.5992156863,0.4949019608,0.88,0.5833333333,0.4352941176,0.5275294118,0.1149019608,0.8905882353,0.8803921569,-0.7795391,100.3124,03_OPT/00/SobolVicinity_000/DES_00081,1
0.7133333333,0.4752941176,0.4894117647,0.5847058824,0.3717647059,0.07047058824,-3.976470588,0.4203921569,0.5247058824,0.8905882353,0.6019607843,0.3607843137,0.4470588235,0.1109803922,0.8568627451,0.8617647059,0.5484794,100.1599,03_OPT/00/SobolVicinity_000/DES_00082,1
0.5866666667,0.5670588235,0.5490196078,0.4776470588,0.3168627451,0.05109803922,2.282352941,0.5396078431,0.4650980392,0.8694117647,0.5647058824,0.2117647059,0.5007058824,0.1035294118,0.8796078431,0.8990196078,-0.5671963,100.2256,03_OPT/00/SobolVicinity_000/DES_00083,1
0.6166666667,0.4988235294,0.4439215686,0.5050980392,0.3576470588,0.05619607843,3.764705882,0.5678431373,0.5403921569,0.8852941176,0.6107843137,0.4745098039,0.488,0.1015686275,0.8960784314,0.9264705882,1.630791,99.60223,03_OPT/00/SobolVicinity_000/DES_00084,1
0.7466666667,0.5882352941,0.5050980392,0.4007843137,0.302745098,0.07556862745,-2.494117647,0.448627451,0.4807843137,0.8641176471,0.5735294118,0.3254901961,0.5416470588,0.1094117647,0.8733333333,0.8892156863,1.050096,99.99384,03_OPT/00/SobolVicinity_000/DES_00085,1
0.6833333333,0.4541176471,0.5349019608,0.557254902,0.3309803922,0.04650980392,-5.623529412,0.5082352941,0.5105882353,0.8535294118,0.6294117647,0.2509803922,0.4597647059,0.1129411765,0.8850980392,0.8705882353,-0.6672621,100.3059,03_OPT/00/SobolVicinity_000/DES_00086,1
0.5533333333,0.5435294118,0.4752941176,0.4529411765,0.3858823529,0.06588235294,0.6352941176,0.3890196078,0.4509803922,0.8747058824,0.5921568627,0.4,0.5148235294,0.1054901961,0.8623529412,0.9078431373,0.3317815,100.017,03_OPT/00/SobolVicinity_000/DES_00087,1
0.5366666667,0.4658823529,0.5568627451,0.4117647059,0.3921568627,0.06843137255,6.235294118,0.5239215686,0.5325490196,0.8564705882,0.5970588235,0.3803921569,0.5345882353,0.1121568627,0.8764705882,0.8843137255,0.7263447,99.97526,03_OPT/00/SobolVicinity_000/DES_00088,1
0.6666666667,0.5552941176,0.497254902,0.5188235294,0.337254902,0.04854901961,-0.02352941176,0.4047058824,0.4729411765,0.8776470588,0.6343137255,0.231372549,0.4809411765,0.1047058824,0.8992156863,0.9225490196,0.1583377,99.8731,03_OPT/00/SobolVicinity_000/DES_00089,1
0.73,0.4188235294,0.4674509804,0.4666666667,0.3090196078,0.07811764706,-3.317647059,0.5835294118,0.502745098,0.8882352941,0.5784313725,0.3058823529,0.5077647059,0.1007843137,0.8654901961,0.9039215686,1.825139,99.86361,03_OPT/00/SobolVicinity_000/DES_00090,1
0.6033333333,0.5105882353,0.5270588235,0.5709803922,0.3654901961,0.05823529412,3.105882353,0.4643137255,0.4431372549,0.8670588235,0.6156862745,0.4549019608,0.4541176471,0.1082352941,0.8874509804,0.8656862745,-0.5942761,100.2779,03_OPT/00/SobolVicinity_000/DES_00091,1
0.57,0.4423529412,0.4815686275,0.4392156863,0.2964705882,0.05364705882,4.588235294,0.4329411765,0.5482352941,0.8829411765,0.568627451,0.2666666667,0.5487058824,0.1101960784,0.8929411765,0.8754901961,0.07602897,100.2747,03_OPT/00/SobolVicinity_000/DES_00092,1
0.6966666667,0.5317647059,0.542745098,0.5435294118,0.351372549,0.07301960784,-1.670588235,0.5552941176,0.4870588235,0.8617647059,0.6068627451,0.4196078431,0.4936470588,0.102745098,0.8709803922,0.912745098,1.692298,99.67887,03_OPT/00/SobolVicinity_000/DES_00093,1
0.6333333333,0.4870588235,0.5129411765,0.491372549,0.3780392157,0.04396078431,-4.8,0.4956862745,0.5184313725,0.8511764706,0.587254902,0.4941176471,0.5204705882,0.1062745098,0.8819607843,0.8941176471,-0.5049468,100.1556,03_OPT/00/SobolVicinity_000/DES_00094,1
0.5066666667,0.5764705882,0.4517647059,0.5956862745,0.3231372549,0.06333333333,1.458823529,0.6149019608,0.457254902,0.8723529412,0.6254901961,0.3411764706,0.4668235294,0.1141176471,0.8592156863,0.8568627451,-0.2651128,100.3344,03_OPT/00/SobolVicinity_000/DES_00095,1
0.5033333333,0.4329411765,0.5521568627,0.4694117647,0.3450980392,0.05925490196,-4.635294118,0.4078431373,0.52,0.8635294118,0.6078431373,0.4117647059,0.5289411765,0.1070588235,0.882745098,0.8578431373,-0.1135726,100.3762,03_OPT/00/SobolVicinity_000/DES_00096,1
0.63,0.5247058824,0.4909803922,0.5737254902,0.2901960784,0.07862745098,1.623529412,0.5270588235,0.4603921569,0.8847058824,0.5705882353,0.262745098,0.4752941176,0.1145098039,0.86,0.8950980392,1.271343,99.91805,03_OPT/00/SobolVicinity_000/DES_00097,1
0.6933333333,0.48,0.4611764706,0.417254902,0.3184313725,0.04956862745,4.752941176,0.4674509804,0.5498039216,0.8741176471,0.6264705882,0.337254902,0.5021176471,0.1109803922,0.8937254902,0.9137254902,0.7540875,99.78821,03_OPT/00/SobolVicinity_000/DES_00098,1
0.5666666667,0.5694117647,0.5207843137,0.5215686275,0.3733333333,0.06894117647,-1.505882353,0.5866666667,0.4901960784,0.8529411765,0.5892156863,0.4901960784,0.4484705882,0.1035294118,0.8717647059,0.8764705882,0.08841657,100.051,03_OPT/00/SobolVicinity_000/DES_00099,1
0.5966666667,0.4564705882,0.4768627451,0.4941176471,0.3325490196,0.06384313725,-6.282352941,0.5584313725,0.5043137255,0.8794117647,0.6352941176,0.2274509804,0.5430588235,0.1015686275,0.8662745098,0.8666666667,0.2103033,100.3105,03_OPT/00/SobolVicinity_000/DES_00100,1
0.5066666667,0.5741176471,0.4501960784,0.5929411765,0.3231372549,0.05058823529,1.458823529,0.6117647059,0.4556862745,0.8647058824,0.5941176471,0.3294117647,0.4654117647,0.1137254902,0.8592156863,0.8568627451,-0.8612968,100.5857,03_OPT/00/NSGA1_000/DES_00101,1
0.65,0.52,0.4596078431,0.4254901961,0.3984313725,0.04447058824,-0.8470588235,0.5992156863,0.4949019608,0.88,0.5833333333,0.2666666667,0.5275294118,0.111372549,0.8905882353,0.8862745098,-0.6678178,100.2974,03_OPT/00/NSGA1_000/DES_00102,1
0.5366666667,0.4658823529,0.4752941176,0.5352941176,0.351372549,0.04803921569,-5.129411765,0.6054901961,0.4619607843,0.8523529412,0.6137254902,0.4431372549,0.4978823529,0.1098039216,0.8647058824,0.887254902,-0.6873929,100.2976,03_OPT/00/NSGA1_000/DES_00103,1
0.68,0.5364705882,0.5145098039,0.5298039216,0.3592156863,0.0388627451,-3.482352941,0.417254902,0.4494117647,0.8617647059,0.6343137255,0.337254902,0.4583529412,0.1047058824,0.8576470588,0.8784313725,-1.032057,100.5987,03_OPT/00/NSGA1_000/DES_00104,1
0.5233333333,0.5152941176,0.5490196078,0.6121568627,0.3639215686,0.06741176471,8.705882353,0.4298039216,0.4603921569,0.8576470588,0.6411764706,0.3254901961,0.4498823529,0.1192156863,0.8725490196,0.8539215686,-0.1758406,100.2585,03_OPT/00/NSGA1_000/DES_00105,1
0.6333333333,0.48,0.4815686275,0.4145098039,0.3843137255,0.05466666667,-6.282352941,0.5803921569,0.5466666667,0.8541176471,0.5735294118,0.3843137255,0.5091764706,0.1066666667,0.8921568627,0.8843137255,-0.1495694,100.1362,03_OPT/00/NSGA1_000/DES_00106,1
0.56,0.4541176471,0.5003921569,0.5545098039,0.3890196078,0.07149019608,-1.505882353,0.4235294118,0.4368627451,0.8723529412,0.5617647059,0.3490196078,0.5148235294,0.1035294118,0.8529411765,0.8862745098,-0.02975322,100.239,03_OPT/00/NSGA1_000/DES_00107,1
0.68,0.4423529412,0.5552941176,0.4831372549,0.3356862745,0.04498039216,11.67058824,0.3576470588,0.4415686275,0.8858823529,0.6156862745,0.1568627451,0.4668235294,0.1047058824,0.8929411765,0.9284313725,-0.26867,100.0322,03_OPT/00/NSGA1_000/DES_00108,1
0.8333333333,0.5152941176,0.4392156863,0.3815686275,0.3090196078,0.02866666667,-8.258823529,0.4705882353,0.4478431373,0.89,0.6196078431,0.2117647059,0.4682352941,0.1039215686,0.8890196078,0.9254901961,-0.8601366,100.3619,03_OPT/00/NSGA1_000/DES_00109,1
0.5933333333,0.5529411765,0.4596078431,0.2937254902,0.3701960784,0.08117647059,-4.964705882,0.4737254902,0.4101960784,0.8752941176,0.5647058824,0.2784313725,0.5035294118,0.1082352941,0.8607843137,0.8921568627,0.2186347,100.2254,03_OPT/00/NSGA1_000/DES_00110,1
0.6166666667,0.4964705882,0.5788235294,0.5709803922,0.2321568627,0.07964705882,-1.670588235,0.3325490196,0.4258823529,0.8788235294,0.587254902,0.4549019608,0.4823529412,0.102745098,0.8396078431,0.9058823529,1.46524,99.89131,03_OPT/00/NSGA1_000/DES_00111,1
0.57,0.4776470588,0.4407843137,0.5352941176,0.271372549,0.06231372549,4.752941176,0.4423529412,0.4164705882,0.85,0.5617647059,0.1607843137,0.4470588235,0.1066666667,0.8654901961,0.9196078431,-0.2770301,100.1745,03_OPT/00/NSGA1_000/DES_00112,1
0.49,0.4752941176,0.5003921569,0.4337254902,0.3749019608,0.04854901961,-8.258823529,0.5960784314,0.5090196078,0.85,0.5735294118,0.462745098,0.5487058824,0.1235294118,0.8458823529,0.8568627451,-0.8055447,100.5756,03_OPT/00/NSGA1_000/DES_00113,1
0.6933333333,0.5670588235,0.497254902,0.5407843137,0.3356862745,0.02305882353,-1.670588235,0.4141176471,0.4729411765,0.8588235294,0.6176470588,0.2235294118,0.4823529412,0.1015686275,0.8984313725,0.9205882353,-1.079457,100.3422,03_OPT/00/NSGA1_000/DES_00114,1
0.5666666667,0.4823529412,0.462745098,0.4611764706,0.3435294118,0.08474509804,-2.823529412,0.382745098,0.4964705882,0.8658823529,0.6,0.4,0.4809411765,0.1031372549,0.868627451,0.9098039216,2.231969,99.86738,03_OPT/00/NSGA1_000/DES_00115,1
0.72,0.4823529412,0.5505882353,0.5078431373,0.3592156863,0.04396078431,-2.823529412,0.448627451,0.5356862745,0.8770588235,0.5264705882,0.5254901961,0.4964705882,0.1047058824,0.8921568627,0.8803921569,-0.6012,100.2642,03_OPT/00/NSGA1_000/DES_00116,1
0.5433333333,0.5764705882,0.4768627451,0.3458823529,0.3811764706,0.072,2.611764706,0.417254902,0.4415686275,0.8752941176,0.5558823529,0.1176470588,0.4611764706,0.1011764706,0.8819607843,0.8598039216,-0.5344002,100.6731,03_OPT/00/NSGA1_000/DES_00117,1
0.74,0.5058823529,0.5396078431,0.4776470588,0.3325490196,0.03325490196,-2.329411765,0.4078431373,0.4682352941,0.8676470588,0.6166666667,0.1843137255,0.5176470588,0.111372549,0.8952941176,0.9166666667,-0.708001,100.2058,03_OPT/00/NSGA1_000/DES_00118,1
0.6066666667,0.5411764706,0.462745098,0.4941176471,0.3184313725,0.05823529412,-1.505882353,0.3545098039,0.4964705882,0.8682352941,0.5931372549,0.2784313725,0.5472941176,0.1117647059,0.8733333333,0.8647058824,-0.231475,100.3941,03_OPT/00/NSGA1_000/DES_00119,1
0.8066666667,0.44,0.511372549,0.4941176471,0.3105882353,0.08066666667,2.611764706,0.5552941176,0.4650980392,0.85,0.5754901961,0.2941176471,0.4668235294,0.108627451,0.8960784314,0.9225490196,2.219651,99.59471,03_OPT/00/NSGA1_000/DES_00120,1
0.73,0.4023529412,0.4721568627,0.6258823529,0.3592156863,0.03376470588,-1.505882353,0.3858823529,0.5309803922,0.8688235294,0.6088235294,0.3137254902,0.5247058824,0.1105882353,0.8325490196,0.8715686275,-0.6941571,100.6205,03_OPT/00/NSGA1_000/DES_00121,1
0.56,0.4776470588,0.5066666667,0.3952941176,0.2807843137,0.04701960784,-7.105882353,0.48,0.5717647059,0.8594117647,0.6009803922,0.5568627451,0.4908235294,0.108627451,0.8623529412,0.8421568627,-0.5363961,100.5597,03_OPT/00/NSGA1_000/DES_00122,1
0.5066666667,0.5458823529,0.5160784314,0.5243137255,0.3450980392,0.04905882353,-10.72941176,0.4360784314,0.4917647059,0.8935294118,0.6401960784,0.4196078431,0.4964705882,0.1133333333,0.8694117647,0.8137254902,-0.7439253,100.8791,03_OPT/00/NSGA1_000/DES_00123,1
0.7266666667,0.5294117647,0.48,0.3403921569,0.3466666667,0.04192156863,-1.176470588,0.4988235294,0.3882352941,0.88,0.5754901961,0.2196078431,0.5458823529,0.1074509804,0.8866666667,0.8970588235,-1.124913,100.5999,03_OPT/00/NSGA1_000/DES_00124,1
0.6966666667,0.4917647059,0.5945098039,0.3980392157,0.3607843137,0.06945098039,3.270588235,0.4580392157,0.4745098039,0.8817647059,0.5931372549,0.6196078431,0.5035294118,0.1117647059,0.8741176471,0.9068627451,1.403506,99.70645,03_OPT/00/NSGA1_000/DES_00125,1
0.6033333333,0.48,0.5317647059,0.5380392157,0.288627451,0.07403921569,-10.07058824,0.5396078431,0.3945098039,0.8805882353,0.5901960784,0.07450980392,0.5331764706,0.1231372549,0.8992156863,0.8392156863,-0.3023566,100.5364,03_OPT/00/NSGA1_000/DES_00126,1
0.39,0.5835294118,0.5662745098,0.5654901961,0.351372549,0.05874509804,-7.764705882,0.542745098,0.5247058824,0.8729411765,0.5696078431,0.431372549,0.4498823529,0.1211764706,0.8607843137,0.8960784314,0.3633761,99.98969,03_OPT/00/NSGA1_000/DES_00127,1
0.7166666667,0.4941176471,0.4705882353,0.3568627451,0.2760784314,0.05058823529,8.541176471,0.5050980392,0.5121568627,0.8576470588,0.5911764706,0.2784313725,0.4865882353,0.108627451,0.891372549,0.8441176471,-0.8037138,100.6283,03_OPT/00/NSGA1_000/DES_00128,1
0.79,0.4635294118,0.5631372549,0.3733333333,0.3247058824,0.06078431373,-2.988235294,0.6180392157,0.4588235294,0.85,0.5950980392,0.4078431373,0.4710588235,0.1247058824,0.8592156863,0.8843137255,-0.2073726,100.079,03_OPT/00/NSGA1_000/DES_00129,1
0.85,0.2870588235,0.6243137255,0.4666666667,0.3325490196,0.03937254902,-5.623529412,0.4737254902,0.5278431373,0.8664705882,0.6490196078,0.1333333333,0.5501176471,0.111372549,0.8403921569,0.8960784314,-0.309901,100.3102,03_OPT/00/NSGA1_000/DES_00130,1
0.6233333333,0.3905882353,0.5568627451,0.3458823529,0.3717647059,0.06741176471,-6.447058824,0.5803921569,0.4447058824,0.87,0.6176470588,0.5019607843,0.5218823529,0.122745098,0.8349019608,0.8598039216,-0.2649572,100.3266,03_OPT/00/NSGA1_000/DES_00131,1
0.4266666667,0.5717647059,0.528627451,0.4090196078,0.3701960784,0.06639215686,6.070588235,0.5709803922,0.471372549,0.87,0.5823529412,0.337254902,0.4710588235,0.1149019608,0.8560784314,0.887254902,-0.04268277,100.1544,03_OPT/00/NSGA1_000/DES_00132,1
0.56,0.5294117647,0.5145098039,0.417254902,0.351372549,0.04345098039,-2.494117647,0.3764705882,0.4039215686,0.8705882353,0.618627451,0.2784313725,0.4851764706,0.111372549,0.8521568627,0.8784313725,-1.074989,100.7731,03_OPT/00/NSGA1_000/DES_00133,1
0.5933333333,0.4847058824,0.5176470588,0.5764705882,0.3560784314,0.05211764706,-0.6823529412,0.4329411765,0.4196078431,0.8558823529,0.5901960784,0.3294117647,0.4611764706,0.1047058824,0.8850980392,0.8568627451,-1.057877,100.6603,03_OPT/00/NSGA1_000/DES_00134,1
0.7466666667,0.5482352941,0.4564705882,0.5023529412,0.2792156863,0.06333333333,-0.02352941176,0.4141176471,0.5231372549,0.8894117647,0.5823529412,0.4,0.5811764706,0.1156862745,0.8843137255,0.9303921569,2.91954,99.64895,03_OPT/00/NSGA1_000/DES_00135,1
0.54,0.4705882353,0.48,0.4337254902,0.3058823529,0.06384313725,-1.011764706,0.4580392157,0.3725490196,0.8670588235,0.5705882353,0.3215686275,0.4936470588,0.128627451,0.8984313725,0.9,-0.3698593,100.1303,03_OPT/00/NSGA1_000/DES_00136,1
0.6333333333,0.4517647059,0.4705882353,0.3541176471,0.3450980392,0.05058823529,7.223529412,0.511372549,0.5294117647,0.8723529412,0.5647058824,0.2039215686,0.488,0.1149019608,0.8482352941,0.8647058824,-0.6249601,100.6335,03_OPT/00/NSGA1_000/DES_00137,1
0.7166666667,0.5388235294,0.5035294118,0.4611764706,0.3623529412,0.05721568627,1.788235294,0.4580392157,0.4854901961,0.8758823529,0.6196078431,0.4862745098,0.4484705882,0.1019607843,0.882745098,0.9039215686,0.2138876,99.89244,03_OPT/00/NSGA1_000/DES_00138,1
0.7166666667,0.5082352941,0.5474509804,0.5435294118,0.288627451,0.05976470588,-3.482352941,0.5741176471,0.4745098039,0.8688235294,0.6490196078,0.6235294118,0.4555294118,0.1266666667,0.882745098,0.8490196078,-0.07042039,100.0882,03_OPT/00/NSGA1_000/DES_00139,1
0.71,0.4870588235,0.4831372549,0.4666666667,0.3482352941,0.06282352941,-3.482352941,0.5835294118,0.4337254902,0.8752941176,0.5774509804,0.6117647059,0.4555294118,0.1066666667,0.8647058824,0.9117647059,0.2167002,99.85647,03_OPT/00/NSGA1_000/DES_00140,1
0.7133333333,0.4211764706,0.4580392157,0.488627451,0.3105882353,0.06180392157,5.576470588,0.608627451,0.5325490196,0.8705882353,0.587254902,0.4862745098,0.4611764706,0.1050980392,0.8929411765,0.8558823529,-0.02600287,100.1795,03_OPT/00/NSGA1_000/DES_00141,1
0.4933333333,0.4941176471,0.4941176471,0.4831372549,0.3937254902,0.02560784314,5.247058824,0.5521568627,0.471372549,0.8817647059,0.6294117647,0.1137254902,0.4823529412,0.1137254902,0.8890196078,0.9225490196,-0.8534629,100.3355,03_OPT/00/NSGA1_000/DES_00142,1
0.6933333333,0.4635294118,0.5396078431,0.4941176471,0.3184313725,0.05874509804,0.1411764706,0.4015686275,0.4603921569,0.8647058824,0.6078431373,0.1490196078,0.4611764706,0.1101960784,0.8921568627,0.8754901961,-0.4356686,100.315,03_OPT/00/NSGA1_000/DES_00143,1
0.6,0.5011764706,0.5160784314,0.4858823529,0.351372549,0.04345098039,-3.152941176,0.577254902,0.4792156863,0.8841176471,0.5460784314,0.2235294118,0.5670588235,0.1129411765,0.8521568627,0.8470588235,-0.9700608,100.9027,03_OPT/00/NSGA1_000/DES_00144,1
0.62,0.5694117647,0.5443137255,0.4831372549,0.3905882353,0.05007843137,-0.02352941176,0.4360784314,0.3976470588,0.8876470588,0.5421568627,0.2862745098,0.5487058824,0.12,0.8866666667,0.9009803922,-0.7560506,100.2908,03_OPT/00/NSGA1_000/DES_00145,1
0.67,0.3741176471,0.4376470588,0.4721568627,0.2305882353,0.06945098039,1.294117647,0.5333333333,0.4996078431,0.8641176471,0.5362745098,0.2941176471,0.4865882353,0.1109803922,0.8764705882,0.9421568627,2.06733,99.6951,03_OPT/00/NSGA1_000/DES_00146,1
0.56,0.3223529412,0.4831372549,0.422745098,0.3890196078,0.07811764706,-0.5176470588,0.4705882353,0.3615686275,0.8747058824,0.5196078431,0.2156862745,0.4583529412,0.1007843137,0.8788235294,0.8843137255,-0.6137928,100.5287,03_OPT/00/NSGA1_000/DES_00147,1
0.7066666667,0.5694117647,0.56,0.422745098,0.3419607843,0.04396078431,5.082352941,0.5490196078,0.5043137255,0.8858823529,0.6039215686,0.4705882353,0.4795294118,0.1117647059,0.8749019608,0.9245098039,0.3649015,99.79238,03_OPT/00/NSGA1_000/DES_00148,1
0.6966666667,0.3905882353,0.4894117647,0.5462745098,0.3952941176,0.0342745098,-7.270588235,0.5866666667,0.5388235294,0.8705882353,0.5862745098,0.3803921569,0.4414117647,0.1149019608,0.8741176471,0.8774509804,-0.9188425,100.4106,03_OPT/00/NSGA1_000/DES_00149,1
0.5133333333,0.5152941176,0.4815686275,0.5764705882,0.2666666667,0.0531372549,10.02352941,0.4266666667,0.5952941176,0.8623529412,0.6294117647,0.09019607843,0.5176470588,0.12,0.8725490196,0.8794117647,0.5859709,100.1408,03_OPT/00/NSGA1_000/DES_00150,1
0.64,0.4682352941,0.4737254902,0.422745098,0.3419607843,0.03937254902,-0.3529411765,0.5145098039,0.4901960784,0.8788235294,0.5705882353,0.3647058824,0.5557647059,0.1152941176,0.868627451,0.8754901961,-0.8834037,100.5503,03_OPT/00/NSGA1_000/DES_00151,1
0.7833333333,0.4611764706,0.4721568627,0.5462745098,0.3733333333,0.04803921569,-2.658823529,0.4988235294,0.5105882353,0.8764705882,0.6450980392,0.2666666667,0.5345882353,0.1105882353,0.8945098039,0.8539215686,-0.4880236,100.3593,03_OPT/00/NSGA1_000/DES_00152,1
0.6333333333,0.5129411765,0.4564705882,0.4062745098,0.2823529412,0.03580392157,1.294117647,0.4392156863,0.4352941176,0.8776470588,0.6029411765,0.3725490196,0.5204705882,0.1109803922,0.8819607843,0.9205882353,-0.7384608,100.244,03_OPT/00/NSGA1_000/DES_00153,1
0.6933333333,0.4823529412,0.4737254902,0.5188235294,0.2996078431,0.04650980392,-0.3529411765,0.4768627451,0.5262745098,0.8805882353,0.6068627451,0.3529411765,0.4484705882,0.1047058824,0.8866666667,0.9147058824,0.2416097,99.89871,03_OPT/00/NSGA1_000/DES_00154,1
0.68,0.5129411765,0.4549019608,0.5298039216,0.337254902,0.04345098039,-3.317647059,0.5866666667,0.4556862745,0.8811764706,0.562745098,0.337254902,0.4781176471,0.1015686275,0.8850980392,0.8862745098,-0.9577437,100.433,03_OPT/00/NSGA1_000/DES_00155,1
0.5066666667,0.5741176471,0.4501960784,0.5929411765,0.3231372549,0.05058823529,-1.505882353,0.4862745098,0.4556862745,0.8647058824,0.587254902,0.3294117647,0.4654117647,0.1082352941,0.8592156863,0.8568627451,-0.8712384,100.6627,03_OPT/00/NSGA1_000/DES_00156,1
0.5866666667,0.3882352941,0.5380392157,0.4392156863,0.3074509804,0.03580392157,-4.635294118,0.608627451,0.5294117647,0.8952941176,0.6176470588,0.4156862745,0.4908235294,0.1109803922,0.8607843137,0.9156862745,-0.009289614,100.0576,03_OPT/00/NSGA1_000/DES_00157,1
0.8266666667,0.5082352941,0.4894117647,0.4529411765,0.2760784314,0.04701960784,-14.02352941,0.4643137255,0.4478431373,0.8835294118,0.5980392157,0.2509803922,0.4752941176,0.1141176471,0.877254902,0.9362745098,0.1426517,99.96037,03_OPT/00/NSGA1_000/DES_00158,1
0.49,0.5811764706,0.497254902,0.4035294118,0.3639215686,0.04498039216,2.117647059,0.4078431373,0.3803921569,0.8817647059,0.6264705882,0.3490196078,0.5007058824,0.1156862745,0.8741176471,0.8990196078,-0.9448677,100.4602,03_OPT/00/NSGA1_000/DES_00159,1
0.5966666667,0.5082352941,0.4878431373,0.5188235294,0.3278431373,0.05619607843,3.435294118,0.417254902,0.4792156863,0.8647058824,0.6196078431,0.4470588235,0.6221176471,0.1117647059,0.8882352941,0.8754901961,0.07565615,100.1226,03_OPT/00/NSGA1_000/DES_00160,1
0.7266666667,0.5129411765,0.4815686275,0.3266666667,0.3623529412,0.0648627451,3.105882353,0.5239215686,0.3066666667,0.8629411765,0.5843137255,0.05882352941,0.5232941176,0.1047058824,0.842745098,0.9166666667,-0.8465353,100.4557,03_OPT/00/NSGA1_000/DES_00161,1
0.5933333333,0.4282352941,0.4690196078,0.4803921569,0.2650980392,0.02,-1.670588235,0.4047058824,0.52,0.8564705882,0.6147058824,0.3019607843,0.4696470588,0.1247058824,0.8952941176,0.8666666667,-1.229852,100.8124,03_OPT/00/NSGA1_000/DES_00162,1
0.72,0.4070588235,0.4878431373,0.4639215686,0.3764705882,0.02968627451,-0.6823529412,0.6996078431,0.5074509804,0.9,0.6039215686,0.4862745098,0.5218823529,0.1003921569,0.8866666667,0.8862745098,-0.7674743,100.3688,03_OPT/00/NSGA1_000/DES_00163,1
0.7066666667,0.3647058824,0.5490196078,0.6670588235,0.2933333333,0.05262745098,-1.835294118,0.5584313725,0.4682352941,0.85,0.6117647059,0.431372549,0.5063529412,0.1121568627,0.8952941176,0.887254902,-0.219346,99.98396,03_OPT/00/NSGA1_000/DES_00164,1
0.7033333333,0.4847058824,0.5584313725,0.4584313725,0.3858823529,0.08066666667,4.588235294,0.3482352941,0.4023529412,0.8970588235,0.5882352941,0.1450980392,0.4498823529,0.111372549,0.8749019608,0.8470588235,-0.1252116,100.5205,03_OPT/00/NSGA1_000/DES_00165,1
0.8566666667,0.4494117647,0.4439215686,0.5380392157,0.3215686275,0.07607843137,11.17647059,0.5709803922,0.5090196078,0.8588235294,0.5843137255,0.2156862745,0.5190588235,0.102745098,0.8741176471,0.9205882353,2.196168,99.63577,03_OPT/00/NSGA1_000/DES_00166,1
0.63,0.5505882353,0.4015686275,0.3541176471,0.3090196078,0.03631372549,7.058823529,0.3482352941,0.4352941176,0.8594117647,0.6254901961,0.5098039216,0.512,0.1274509804,0.8788235294,0.8901960784,-1.047926,100.4984,03_OPT/00/NSGA1_000/DES_00167,1
0.8166666667,0.4823529412,0.5505882353,0.5682352941,0.2949019608,0.0317254902,-1.670588235,0.5145098039,0.4949019608,0.89,0.6147058824,0.4509803922,0.4668235294,0.1054901961,0.8349019608,0.9333333333,-0.01421448,100.0019,03_OPT/00/NSGA1_000/DES_00168,1
0.7066666667,0.4305882353,0.4831372549,0.5435294118,0.3717647059,0.08423529412,-5.129411765,0.4643137255,0.3992156863,0.8670588235,0.5980392157,0.2117647059,0.4823529412,0.1066666667,0.8960784314,0.8450980392,-0.09758926,100.4045,03_OPT/00/NSGA1_000/DES_00169,1
0.5133333333,0.5811764706,0.4941176471,0.6176470588,0.3074509804,0.05874509804,-12.21176471,0.5301960784,0.4619607843,0.8982352941,0.6215686275,0.4352941176,0.4823529412,0.1168627451,0.8529411765,0.8029411765,-0.6784601,100.88,03_OPT/00/NSGA1_000/DES_00170,1
0.5033333333,0.4423529412,0.4721568627,0.4145098039,0.337254902,0.04039215686,-2.164705882,0.6305882353,0.5388235294,0.8594117647,0.5715686275,0.4862745098,0.4823529412,0.1282352941,0.8592156863,0.8519607843,-0.933571,100.6464,03_OPT/00/NSGA1_000/DES_00171,1
0.6566666667,0.4823529412,0.4705882353,0.5243137255,0.3278431373,0.03784313725,-5.623529412,0.2698039216,0.4541176471,0.8576470588,0.5823529412,0.2156862745,0.4865882353,0.1203921569,0.8576470588,0.8754901961,-1.102749,100.7842,03_OPT/00/NSGA1_000/DES_00172,1
0.7966666667,0.3482352941,0.4658823529,0.4749019608,0.3749019608,0.06435294118,-11.22352941,0.6776470588,0.4745098039,0.8770588235,0.6058823529,0.537254902,0.6235294118,0.1043137255,0.8537254902,0.8764705882,0.3074573,100.1125,03_OPT/00/NSGA1_000/DES_00173,1
0.81,0.3764705882,0.6101960784,0.417254902,0.337254902,0.08423529412,11.01176471,0.2760784314,0.4196078431,0.8970588235,0.5705882353,0.337254902,0.512,0.1180392157,0.8819607843,0.9264705882,2.76026,99.68704,03_OPT/00/NSGA1_000/DES_00174,1
0.5766666667,0.4352941176,0.5129411765,0.4447058824,0.3262745098,0.04752941176,-8.258823529,0.511372549,0.4823529412,0.8541176471,0.6294117647,0.4431372549,0.464,0.1125490196,0.8701960784,0.8833333333,-0.6780823,100.3123,03_OPT/00/NSGA1_000/DES_00175,1
0.7433333333,0.5552941176,0.497254902,0.5298039216,0.3780392157,0.02203921569,0.9647058824,0.5678431373,0.4760784314,0.8835294118,0.5980392157,0.3450980392,0.5303529412,0.1070588235,0.8858823529,0.887254902,-1.131994,100.6191,03_OPT/00/NSGA1_000/DES_00176,1
0.7633333333,0.44,0.48,0.4776470588,0.368627451,0.05109803922,-1.011764706,0.5301960784,0.5011764706,0.8764705882,0.5519607843,0.4431372549,0.5261176471,0.1011764706,0.8937254902,0.8696078431,-0.6322215,100.3404,03_OPT/00/NSGA1_000/DES_00177,1
0.79,0.5411764706,0.5505882353,0.5270588235,0.368627451,0.09239215686,-5.623529412,0.6274509804,0.4133333333,0.8558823529,0.5911764706,0.3764705882,0.4837647059,0.1105882353,0.8545098039,0.8852941176,1.318853,99.8353,03_OPT/00/NSGA1_000/DES_00178,1
0.61,0.5576470588,0.4988235294,0.4694117647,0.3592156863,0.07149019608,-1.176470588,0.4078431373,0.4447058824,0.8617647059,0.6245098039,0.3607843137,0.4767058824,0.1168627451,0.8717647059,0.8450980392,-0.2120497,100.3917,03_OPT/00/NSGA1_000/DES_00179,1
0.76,0.5882352941,0.6023529412,0.5352941176,0.3905882353,0.05619607843,-8.423529412,0.4580392157,0.377254902,0.8841176471,0.6215686275,0.431372549,0.4851764706,0.1207843137,0.8505882353,0.8617647059,-0.8084077,100.4672,03_OPT/00/NSGA1_000/DES_00180,1
0.7133333333,0.52,0.5443137255,0.3650980392,0.2431372549,0.02,3.764705882,0.4015686275,0.5325490196,0.8582352941,0.5735294118,0.4941176471,0.4908235294,0.12,0.877254902,0.8519607843,-1.27515,100.9457,03_OPT/00/NSGA1_000/DES_00181,1
0.6166666667,0.3811764706,0.4847058824,0.3129411765,0.3811764706,0.06537254902,-2.0,0.542745098,0.4745098039,0.8717647059,0.6294117647,0.3254901961,0.5063529412,0.1149019608,0.8850980392,0.8950980392,0.3766905,100.0198,03_OPT/00/NSGA1_000/DES_00182,1
0.6633333333,0.3388235294,0.5490196078,0.5105882353,0.3262745098,0.05670588235,-4.8,0.4392156863,0.5858823529,0.8529411765,0.6225490196,0.1725490196,0.4908235294,0.1219607843,0.8819607843,0.9049019608,1.16833,99.85786,03_OPT/00/NSGA1_000/DES_00183,1
0.5333333333,0.4941176471,0.4360784314,0.3733333333,0.2854901961,0.08117647059,-5.458823529,0.3168627451,0.4760784314,0.88,0.5862745098,0.3176470588,0.4625882353,0.1007843137,0.8537254902,0.9009803922,1.155183,100.1817,03_OPT/00/NSGA1_000/DES_00184,1
0.72,0.5576470588,0.4643137255,0.422745098,0.337254902,0.02611764706,11.83529412,0.2352941176,0.4431372549,0.8788235294,0.6245098039,0.4509803922,0.536,0.1066666667,0.8537254902,0.937254902,-0.6948904,100.3358,03_OPT/00/NSGA1_000/DES_00185,1
0.5266666667,0.5388235294,0.5349019608,0.5435294118,0.368627451,0.06282352941,1.129411765,0.3952941176,0.4321568627,0.8617647059,0.6431372549,0.3176470588,0.4865882353,0.1101960784,0.8788235294,0.8970588235,0.00840289,100.0492,03_OPT/00/NSGA1_000/DES_00186,1
0.5766666667,0.5105882353,0.4862745098,0.5325490196,0.3890196078,0.03223529412,-1.011764706,0.5615686275,0.4760784314,0.8682352941,0.6019607843,0.2549019608,0.5204705882,0.1003921569,0.8929411765,0.9411764706,-0.4353664,99.98459,03_OPT/00/NSGA1_000/DES_00187,1
0.7066666667,0.5670588235,0.5019607843,0.6423529412,0.351372549,0.04090196078,-6.117647059,0.4988235294,0.4949019608,0.8741176471,0.6333333333,0.1960784314,0.5218823529,0.1141176471,0.8654901961,0.8431372549,-0.8269279,100.6747,03_OPT/00/NSGA1_000/DES_00188,1
0.4766666667,0.5529411765,0.5145098039,0.5764705882,0.3341176471,0.03580392157,0.3058823529,0.608627451,0.4368627451,0.8805882353,0.5558823529,0.537254902,0.4654117647,0.111372549,0.8639215686,0.9411764706,-0.4559746,99.99,03_OPT/00/NSGA1_000/DES_00189,1
0.7366666667,0.4870588235,0.5364705882,0.6066666667,0.3592156863,0.02611764706,-1.176470588,0.4768627451,0.5811764706,0.8647058824,0.5705882353,0.5568627451,0.4668235294,0.1019607843,0.8898039216,0.8990196078,-0.663534,100.1112,03_OPT/00/NSGA1_000/DES_00190,1
0.6333333333,0.5129411765,0.5050980392,0.5160784314,0.3341176471,0.06588235294,7.388235294,0.542745098,0.4949019608,0.8894117647,0.5901960784,0.5764705882,0.4625882353,0.1105882353,0.8952941176,0.9068627451,1.415439,99.63342,03_OPT/00/NSGA1_000/DES_00191,1
0.83,0.3882352941,0.591372549,0.3376470588,0.2949019608,0.04141176471,-2.988235294,0.5960784314,0.4807843137,0.8752941176,0.5549019608,0.4745098039,0.5247058824,0.1184313725,0.842745098,0.8705882353,-0.9100487,100.5511,03_OPT/00/NSGA1_000/DES_00192,1
0.5366666667,0.4988235294,0.622745098,0.56,0.3247058824,0.03937254902,-0.8470588235,0.702745098,0.4431372549,0.8641176471,0.5843137255,0.5450980392,0.512,0.1231372549,0.8898039216,0.8980392157,-0.8212266,100.0857,03_OPT/00/NSGA1_000/DES_00193,1
0.7233333333,0.5505882353,0.5615686275,0.4666666667,0.2901960784,0.04701960784,-9.411764706,0.5270588235,0.5764705882,0.8641176471,0.5970588235,0.2745098039,0.4541176471,0.1098039216,0.8929411765,0.9049019608,0.3146073,99.87937,03_OPT/00/NSGA1_000/DES_00194,1
0.5833333333,0.5411764706,0.5803921569,0.6011764706,0.3215686275,0.06843137255,2.776470588,0.511372549,0.5717647059,0.8576470588,0.5843137255,0.1333333333,0.4781176471,0.1184313725,0.8882352941,0.8911764706,1.508871,99.85092,03_OPT/00/NSGA1_000/DES_00195,1
0.56,0.4494117647,0.4768627451,0.5215686275,0.3450980392,0.06537254902,-2.0,0.3388235294,0.4839215686,0.8682352941,0.5745098039,0.2862745098,0.4555294118,0.1094117647,0.877254902,0.9470588235,1.564843,99.72979,03_OPT/00/NSGA1_000/DES_00196,1
0.7233333333,0.5505882353,0.5254901961,0.4941176471,0.3560784314,0.02866666667,-1.011764706,0.3639215686,0.3945098039,0.8552941176,0.6156862745,0.1333333333,0.4710588235,0.1129411765,0.8976470588,0.9421568627,-1.133299,100.2629,03_OPT/00/NSGA1_000/DES_00197,1
0.5166666667,0.5129411765,0.4407843137,0.4721568627,0.288627451,0.07149019608,-0.5176470588,0.4203921569,0.4949019608,0.8729411765,0.6196078431,0.537254902,0.5134117647,0.122745098,0.8521568627,0.8931372549,1.395572,99.91308,03_OPT/00/NSGA1_000/DES_00198,1
0.6233333333,0.5270588235,0.4266666667,0.3705882353,0.3890196078,0.02560784314,2.282352941,0.5396078431,0.568627451,0.8776470588,0.6215686275,0.5019607843,0.5105882353,0.1078431373,0.8631372549,0.9333333333,-0.0669901,100.0033,03_OPT/00/NSGA1_000/DES_00199,1
0.4233333333,0.5717647059,0.5788235294,0.5682352941,0.2807843137,0.04701960784,1.129411765,0.5239215686,0.4603921569,0.8588235294,0.5931372549,0.3411764706,0.5247058824,0.1101960784,0.8411764706,0.9254901961,-0.04063535,100.0257,03_OPT/00/NSGA1_000/DES_00200,1
0.4266666667,0.5952941176,0.5270588235,0.4639215686,0.3341176471,0.05874509804,-2.494117647,0.5301960784,0.4509803922,0.8617647059,0.5931372549,0.5058823529,0.4428235294,0.1003921569,0.8545098039,0.8343137255,-0.8481087,100.7703,03_OPT/00/NSGA1_000/DES_00201,1
0.6533333333,0.5552941176,0.4298039216,0.4282352941,0.2462745098,0.04192156863,3.6,0.4925490196,0.4494117647,0.88,0.5794117647,0.3882352941,0.5289411765,0.1247058824,0.8733333333,0.9058823529,-0.5362005,100.2075,03_OPT/00/NSGA1_000/DES_00202,1
0.4533333333,0.4282352941,0.4549019608,0.5188235294,0.3592156863,0.04039215686,-6.611764706,0.5992156863,0.52,0.8588235294,0.5333333333,0.3921568627,0.5275294118,0.1411764706,0.8576470588,0.8411764706,-1.019996,100.8467,03_OPT/00/NSGA1_000/DES_00203,1
0.6733333333,0.3811764706,0.5192156863,0.4776470588,0.3247058824,0.06231372549,5.247058824,0.4737254902,0.5388235294,0.89,0.6098039216,0.5333333333,0.5515294118,0.1188235294,0.8811764706,0.8911764706,1.506485,99.78973,03_OPT/00/NSGA1_000/DES_00204,1
0.72,0.5270588235,0.5317647059,0.4117647059,0.3498039216,0.05670588235,1.788235294,0.3419607843,0.4949019608,0.8505882353,0.5833333333,0.3764705882,0.4964705882,0.1058823529,0.8890196078,0.9137254902,0.2405441,99.93164,03_OPT/00/NSGA1_000/DES_00205,1
0.7233333333,0.4588235294,0.5756862745,0.557254902,0.337254902,0.03529411765,-5.623529412,0.608627451,0.5294117647,0.8582352941,0.5970588235,0.3803921569,0.5204705882,0.1152941176,0.8694117647,0.8803921569,-0.7266356,100.2913,03_OPT/00/NSGA1_000/DES_00206,1
0.5866666667,0.3647058824,0.5490196078,0.6670588235,0.3152941176,0.05262745098,-1.835294118,0.5584313725,0.4682352941,0.8505882353,0.6117647059,0.431372549,0.5063529412,0.1121568627,0.8780392157,0.887254902,-0.2977196,100.0902,03_OPT/00/NSGA1_000/DES_00207,1
0.58,0.5388235294,0.511372549,0.5325490196,0.2933333333,0.06384313725,1.623529412,0.4015686275,0.4431372549,0.8617647059,0.6117647059,0.2392156863,0.4555294118,0.1058823529,0.8560784314,0.8950980392,-0.06592624,100.1888,03_OPT/00/NSGA1_000/DES_00208,1
0.7066666667,0.3647058824,0.5490196078,0.6670588235,0.3262745098,0.05925490196,-1.835294118,0.5584313725,0.4682352941,0.85,0.6019607843,0.2274509804,0.5063529412,0.1121568627,0.8952941176,0.887254902,-0.08159653,100.0069,03_OPT/00/NSGA1_000/DES_00209,1
0.8033333333,0.4847058824,0.5050980392,0.4721568627,0.2980392157,0.072,-4.305882353,0.5458823529,0.4039215686,0.8570588235,0.631372549,0.1450980392,0.4456470588,0.1109803922,0.8905882353,0.9058823529,0.4269439,99.90497,03_OPT/00/NSGA1_000/DES_00210,1
0.61,0.3882352941,0.4596078431,0.4364705882,0.3701960784,0.02305882353,4.094117647,0.5835294118,0.5043137255,0.9011764706,0.5941176471,0.1764705882,0.4696470588,0.1176470588,0.8890196078,0.9490196078,-0.3014524,100.1236,03_OPT/00/NSGA1_000/DES_00211,1
0.5233333333,0.5482352941,0.5364705882,0.4035294118,0.3905882353,0.0317254902,3.929411765,0.608627451,0.4211764706,0.8694117647,0.6196078431,0.4705882353,0.5007058824,0.1258823529,0.8803921569,0.8950980392,-1.189451,100.485,03_OPT/00/NSGA1_000/DES_00212,1
0.7133333333,0.4635294118,0.5066666667,0.5380392157,0.2462745098,0.04905882353,4.917647059,0.5929411765,0.5341176471,0.8505882353,0.5843137255,0.4117647059,0.4597647059,0.1070588235,0.8866666667,0.8980392157,-0.05795224,99.93386,03_OPT/00/NSGA1_000/DES_00213,1
0.68,0.5882352941,0.4282352941,0.3898039216,0.3137254902,0.03274509804,2.611764706,0.351372549,0.4839215686,0.8535294118,0.6392156863,0.5529411765,0.4781176471,0.1274509804,0.8905882353,0.8960784314,-0.9230136,100.2566,03_OPT/00/NSGA1_000/DES_00214,1
0.4066666667,0.52,0.4219607843,0.3211764706,0.3592156863,0.0602745098,6.564705882,0.2447058824,0.4164705882,0.9147058824,0.6147058824,0.3058823529,0.5134117647,0.1078431373,0.8960784314,0.8882352941,-0.2539851,100.4089,03_OPT/00/NSGA1_000/DES_00215,1
0.53,0.4517647059,0.5003921569,0.4968627451,0.3670588235,0.046,-10.4,0.5270588235,0.5607843137,0.8582352941,0.6323529412,0.4509803922,0.5232941176,0.1160784314,0.8694117647,0.9294117647,0.9659635,99.73286,03_OPT/00/NSGA1_000/DES_00216,1
0.6133333333,0.3835294118,0.5584313725,0.5105882353,0.3011764706,0.06333333333,5.247058824,0.3074509804,0.4917647059,0.8770588235,0.5696078431,0.3333333333,0.5148235294,0.1109803922,0.8937254902,0.8715686275,0.1055197,100.2351,03_OPT/00/NSGA1_000/DES_00217,1
0.59,0.5317647059,0.4062745098,0.2909803922,0.3231372549,0.03274509804,10.02352941,0.1819607843,0.3976470588,0.8570588235,0.6058823529,0.4431372549,0.5317647059,0.142745098,0.8898039216,0.8823529412,-1.255018,100.8516,03_OPT/00/NSGA1_000/DES_00218,1
0.66,0.4447058824,0.431372549,0.3596078431,0.2964705882,0.05721568627,3.929411765,0.4768627451,0.4431372549,0.8829411765,0.6490196078,0.3882352941,0.5585882353,0.1109803922,0.8921568627,0.8666666667,-0.295087,100.322,03_OPT/00/NSGA1_000/DES_00219,1
0.62,0.4823529412,0.5615686275,0.3843137255,0.3090196078,0.02101960784,-3.647058824,0.4360784314,0.4760784314,0.8717647059,0.5892156863,0.2431372549,0.512,0.111372549,0.8890196078,0.8950980392,-1.220396,100.7538,03_OPT/00/NSGA1_000/DES_00220,1
0.4633333333,0.4894117647,0.4894117647,0.4282352941,0.3419607843,0.03580392157,-15.01176471,0.64,0.5639215686,0.85,0.5774509804,0.4470588235,0.5331764706,0.1341176471,0.8592156863,0.85,-0.939958,100.6678,03_OPT/00/NSGA1_000/DES_00221,1
0.7066666667,0.4658823529,0.497254902,0.6011764706,0.3811764706,0.05925490196,1.458823529,0.5082352941,0.4839215686,0.8588235294,0.6088235294,0.3764705882,0.5063529412,0.1082352941,0.8576470588,0.9098039216,0.4438774,99.86359,03_OPT/00/NSGA1_000/DES_00222,1
0.6266666667,0.44,0.4847058824,0.631372549,0.351372549,0.04803921569,0.4705882353,0.5396078431,0.5121568627,0.8617647059,0.6117647059,0.4823529412,0.56,0.1215686275,0.8623529412,0.8637254902,-0.3345569,100.2367,03_OPT/00/NSGA1_000/DES_00223,1
0.7133333333,0.5247058824,0.5505882353,0.6039215686,0.3937254902,0.05262745098,0.8,0.3670588235,0.4870588235,0.8858823529,0.581372549,0.4784313725,0.4583529412,0.1149019608,0.8615686275,0.9156862745,0.4163637,99.82397,03_OPT/00/NSGA1_000/DES_00224,1
0.47,0.5247058824,0.4925490196,0.6423529412,0.3968627451,0.05976470588,-1.341176471,0.3701960784,0.3788235294,0.9117647059,0.6098039216,0.537254902,0.4414117647,0.1054901961,0.8945098039,0.9411764706,0.7307936,99.76543,03_OPT/00/NSGA1_000/DES_00225,1
0.5166666667,0.3952941176,0.4125490196,0.42,0.3984313725,0.03835294118,-6.611764706,0.4768627451,0.5168627451,0.8582352941,0.6343137255,0.4941176471,0.4950588235,0.1090196078,0.8866666667,0.8764705882,-0.8609252,100.4873,03_OPT/00/NSGA1_000/DES_00226,1
0.6,0.4117647059,0.4956862745,0.4501960784,0.2807843137,0.02050980392,-4.964705882,0.6933333333,0.4478431373,0.8864705882,0.5862745098,0.3921568627,0.4724705882,0.1196078431,0.828627451,0.887254902,-1.181469,100.9272,03_OPT/00/NSGA1_000/DES_00227,1
0.5433333333,0.4705882353,0.4658823529,0.5298039216,0.3294117647,0.02560784314,11.34117647,0.3670588235,0.5325490196,0.8841176471,0.6235294118,0.09803921569,0.4922352941,0.1145098039,0.8803921569,0.9078431373,-0.6599753,100.3972,03_OPT/00/NSGA1_000/DES_00228,1
0.7266666667,0.5105882353,0.5333333333,0.3211764706,0.3607843137,0.03223529412,-5.129411765,0.4580392157,0.4745098039,0.8582352941,0.5833333333,0.05098039216,0.5614117647,0.1062745098,0.8952941176,0.9009803922,-1.136143,100.5786,03_OPT/00/NSGA1_000/DES_00229,1
0.7833333333,0.5717647059,0.5458823529,0.5490196078,0.2901960784,0.03019607843,4.588235294,0.3984313725,0.551372549,0.8882352941,0.5921568627,0.5176470588,0.4781176471,0.1141176471,0.8592156863,0.9343137255,0.4453666,99.81755,03_OPT/00/NSGA1_000/DES_00230,1
0.7733333333,0.5129411765,0.4862745098,0.4007843137,0.3121568627,0.08270588235,-14.02352941,0.4141176471,0.4274509804,0.8747058824,0.5970588235,0.337254902,0.4583529412,0.1105882353,0.8780392157,0.9117647059,1.400016,99.88962,03_OPT/00/NSGA1_000/DES_00231,1
0.6933333333,0.52,0.5066666667,0.6039215686,0.3090196078,0.06231372549,-1.835294118,0.4392156863,0.4933333333,0.8605882353,0.5450980392,0.2941176471,0.5670588235,0.1211764706,0.8835294118,0.8264705882,-0.4189581,100.5766,03_OPT/00/NSGA1_000/DES_00232,1
0.6466666667,0.4682352941,0.5898039216,0.2607843137,0.3184313725,0.07811764706,-1.341176471,0.4988235294,0.4525490196,0.8570588235,0.6078431373,0.7568627451,0.5035294118,0.1125490196,0.8968627451,0.868627451,0.7969149,99.945,03_OPT/00/NSGA1_000/DES_00233,1
0.4833333333,0.4941176471,0.4078431373,0.5160784314,0.3074509804,0.07505882353,10.68235294,0.3952941176,0.408627451,0.8594117647,0.6058823529,0.3176470588,0.4498823529,0.1184313725,0.8325490196,0.9205882353,0.6506883,99.95909,03_OPT/00/NSGA1_000/DES_00234,1
0.8366666667,0.4423529412,0.4580392157,0.4474509804,0.2949019608,0.06639215686,-11.55294118,0.5898039216,0.5074509804,0.8776470588,0.5901960784,0.337254902,0.5317647059,0.1192156863,0.8647058824,0.85,0.1399954,100.3094,03_OPT/00/NSGA1_000/DES_00235,1
0.53,0.5129411765,0.5333333333,0.5462745098,0.2901960784,0.06690196078,-2.658823529,0.4862745098,0.4070588235,0.8882352941,0.6029411765,0.2509803922,0.4654117647,0.1294117647,0.8694117647,0.8401960784,-0.4391483,100.5594,03_OPT/00/NSGA1_000/DES_00236,1
0.7433333333,0.5670588235,0.4125490196,0.5050980392,0.3717647059,0.02203921569,-9.576470588,0.6556862745,0.4854901961,0.9041176471,0.5392156863,0.3921568627,0.4668235294,0.1082352941,0.851372549,0.8803921569,-1.153063,100.8854,03_OPT/00/NSGA1_000/DES_00237,1
0.8733333333,0.5294117647,0.448627451,0.5490196078,0.3670588235,0.046,3.929411765,0.4862745098,0.457254902,0.8847058824,0.6147058824,0.3215686275,0.5063529412,0.1070588235,0.877254902,0.8382352941,-0.9240901,100.7177,03_OPT/00/NSGA1_000/DES_00238,1
0.48,0.4776470588,0.5380392157,0.4117647059,0.3294117647,0.05670588235,-10.07058824,0.4329411765,0.3929411765,0.8788235294,0.6382352941,0.4470588235,0.4555294118,0.1141176471,0.8984313725,0.862745098,-0.8289832,100.5502,03_OPT/00/NSGA1_000/DES_00239,1
0.6866666667,0.4941176471,0.4862745098,0.6588235294,0.2807843137,0.05109803922,-1.835294118,0.4674509804,0.568627451,0.8905882353,0.5921568627,0.5058823529,0.4795294118,0.1278431373,0.8929411765,0.9421568627,3.111922,99.45508,03_OPT/00/NSGA1_000/DES_00240,1
0.8266666667,0.5811764706,0.5788235294,0.3321568627,0.3498039216,0.05466666667,-7.270588235,0.4862745098,0.4807843137,0.8511764706,0.6411764706,0.4039215686,0.44,0.108627451,0.8968627451,0.9107843137,0.1063116,99.85058,03_OPT/00/NSGA1_000/DES_00241,1
0.4866666667,0.5482352941,0.5176470588,0.5298039216,0.3325490196,0.06078431373,-3.152941176,0.351372549,0.5011764706,0.8629411765,0.587254902,0.1450980392,0.5247058824,0.1007843137,0.8960784314,0.9068627451,0.3978336,100.0474,03_OPT/00/NSGA1_000/DES_00242,1
0.7933333333,0.4776470588,0.48,0.4035294118,0.32,0.046,-2.988235294,0.5960784314,0.4368627451,0.8941176471,0.5598039216,0.3921568627,0.5585882353,0.1101960784,0.8905882353,0.8656862745,-0.9230113,100.537,03_OPT/00/NSGA1_000/DES_00243,1
0.3966666667,0.4682352941,0.4643137255,0.4474509804,0.3937254902,0.02458823529,7.388235294,0.5678431373,0.5309803922,0.8582352941,0.5764705882,0.1215686275,0.4781176471,0.1129411765,0.8709803922,0.9323529412,-0.7805262,100.3819,03_OPT/00/NSGA1_000/DES_00244,1
0.8133333333,0.4941176471,0.5396078431,0.4117647059,0.3921568627,0.07760784314,7.223529412,0.7247058824,0.5074509804,0.8817647059,0.581372549,0.3411764706,0.4865882353,0.1090196078,0.8725490196,0.9019607843,1.887315,99.67078,03_OPT/00/NSGA1_000/DES_00245,1
0.7633333333,0.4282352941,0.4721568627,0.4721568627,0.2964705882,0.03733333333,-4.305882353,0.5960784314,0.4541176471,0.8858823529,0.6147058824,0.662745098,0.4597647059,0.1184313725,0.8545098039,0.8950980392,-0.7136223,100.2282,03_OPT/00/NSGA1_000/DES_00246,1
0.54,0.5082352941,0.4643137255,0.6615686275,0.3639215686,0.06129411765,-2.329411765,0.737254902,0.4556862745,0.8888235294,0.5950980392,0.3490196078,0.5275294118,0.1050980392,0.8764705882,0.8696078431,-0.1684171,100.2002,03_OPT/00/NSGA1_000/DES_00247,1
0.6166666667,0.5552941176,0.4941176471,0.3925490196,0.3623529412,0.04294117647,-7.764705882,0.1160784314,0.3678431373,0.91,0.6343137255,0.3725490196,0.4865882353,0.1152941176,0.851372549,0.881372549,-0.9073475,100.8529,03_OPT/00/NSGA1_000/DES_00248,1
0.4966666667,0.3929411765,0.4141176471,0.6945098039,0.3184313725,0.04192156863,-1.011764706,0.5647058824,0.4384313725,0.8605882353,0.6137254902,0.5098039216,0.5402352941,0.1003921569,0.8521568627,0.8647058824,-0.9250217,100.6319,03_OPT/00/NSGA1_000/DES_00249,1
0.5966666667,0.4752941176,0.4784313725,0.42,0.3592156863,0.07709803922,-3.152941176,0.3450980392,0.3803921569,0.8729411765,0.5990196078,0.3215686275,0.5077647059,0.1203921569,0.8874509804,0.9215686275,1.02396,99.83652,03_OPT/00/NSGA1_000/DES_00250,1
0.6133333333,0.56,0.5239215686,0.5929411765,0.3592156863,0.07098039216,-2.823529412,0.6933333333,0.5184313725,0.86,0.5892156863,0.4549019608,0.4569411765,0.1278431373,0.8803921569,0.8980392157,1.651482,99.62995,03_OPT/00/NSGA1_000/DES_00251,1
0.5566666667,0.4823529412,0.4956862745,0.488627451,0.2901960784,0.05823529412,4.258823529,0.6431372549,0.4431372549,0.8958823529,0.5745098039,0.02745098039,0.5684705882,0.1074509804,0.8537254902,0.8745098039,-0.3477831,100.5336,03_OPT/00/NSGA1_000/DES_00252,1
0.7066666667,0.5082352941,0.4988235294,0.3211764706,0.337254902,0.06690196078,2.776470588,0.5866666667,0.3741176471,0.8911764706,0.5941176471,0.1960784314,0.5967058824,0.1082352941,0.8968627451,0.8911764706,-0.06821564,100.1488,03_OPT/00/NSGA1_000/DES_00253,1
0.63,0.3811764706,0.511372549,0.557254902,0.3482352941,0.0388627451,-1.835294118,0.4454901961,0.3741176471,0.8735294118,0.5941176471,0.2274509804,0.4541176471,0.1054901961,0.8694117647,0.8666666667,-1.243476,101.0153,03_OPT/00/NSGA1_000/DES_00254,1
0.78,0.4941176471,0.4564705882,0.5325490196,0.2933333333,0.05415686275,-14.35294118,0.6525490196,0.4760784314,0.8817647059,0.5558823529,0.2352941176,0.5247058824,0.1074509804,0.891372549,0.8892156863,-0.3427649,100.1897,03_OPT/00/NSGA1_000/DES_00255,1
0.5266666667,0.4658823529,0.5458823529,0.6011764706,0.3560784314,0.04650980392,-4.635294118,0.5552941176,0.5137254902,0.8929411765,0.5705882353,0.3725490196,0.4611764706,0.1235294118,0.8992156863,0.9343137255,0.909232,99.67859,03_OPT/00/NSGA1_000/DES_00256,1
0.5033333333,0.4282352941,0.5160784314,0.4556862745,0.3215686275,0.04498039216,-9.576470588,0.5552941176,0.4776470588,0.8664705882,0.5509803922,0.1137254902,0.5472941176,0.1270588235,0.8725490196,0.8450980392,-0.969816,100.9307,03_OPT/00/NSGA1_000/DES_00257,1
0.8833333333,0.5764705882,0.4329411765,0.3321568627,0.2839215686,0.03478431373,-12.04705882,0.382745098,0.4917647059,0.8723529412,0.6460784314,0.2509803922,0.4583529412,0.1043137255,0.8858823529,0.9166666667,-0.6424088,100.2511,03_OPT/00/NSGA1_000/DES_00258,1
0.78,0.4823529412,0.4533333333,0.5407843137,0.2807843137,0.02560784314,2.776470588,0.5615686275,0.4352941176,0.8952941176,0.6235294118,0.4705882353,0.5063529412,0.1015686275,0.8898039216,0.8705882353,-1.175096,100.7272,03_OPT/00/NSGA1_000/DES_00259,1
0.58,0.5388235294,0.511372549,0.5545098039,0.2933333333,0.06384313725,3.6,0.4015686275,0.4431372549,0.8558823529,0.6117647059,0.3764705882,0.4541176471,0.1058823529,0.868627451,0.8862745098,-0.134275,100.1493,03_OPT/00/NSGA1_000/DES_00260,1
0.83,0.3882352941,0.591372549,0.3376470588,0.2949019608,0.04141176471,-1.670588235,0.5960784314,0.4807843137,0.8776470588,0.5549019608,0.4745098039,0.5247058824,0.1184313725,0.8662745098,0.8705882353,-0.9136706,100.4823,03_OPT/00/NSGA1_000/DES_00261,1
0.7166666667,0.4635294118,0.4705882353,0.3568627451,0.3168627451,0.05058823529,2.282352941,0.5050980392,0.5121568627,0.8576470588,0.5911764706,0.2784313725,0.4865882353,0.108627451,0.8764705882,0.8441176471,-0.8208214,100.6797,03_OPT/00/NSGA1_000/DES_00262,1
0.6233333333,0.3482352941,0.5882352941,0.6450980392,0.3262745098,0.0602745098,-2.0,0.5835294118,0.502745098,0.8588235294,0.6068627451,0.4509803922,0.5783529412,0.1184313725,0.8866666667,0.8676470588,0.3067076,100.0067,03_OPT/00/NSGA1_000/DES_00263,1
0.78,0.48,0.4282352941,0.4694117647,0.3262745098,0.02764705882,3.105882353,0.6117647059,0.5435294118,0.91,0.5696078431,0.431372549,0.5910588235,0.1105882353,0.8858823529,0.8352941176,-0.9329853,100.8572,03_OPT/00/NSGA1_000/DES_00264,1
0.6866666667,0.4235294118,0.462745098,0.5517647059,0.3560784314,0.05466666667,-3.152941176,0.4674509804,0.3788235294,0.8664705882,0.6274509804,0.168627451,0.4964705882,0.1129411765,0.8874509804,0.8401960784,-1.006874,100.8458,03_OPT/00/NSGA1_000/DES_00265,1
0.68,0.5482352941,0.4360784314,0.2031372549,0.3670588235,0.0342745098,-4.8,0.7278431373,0.4447058824,0.8847058824,0.6029411765,0.4470588235,0.5021176471,0.117254902,0.8780392157,0.8892156863,-1.121881,100.5617,03_OPT/00/NSGA1_000/DES_00266,1
0.6166666667,0.4917647059,0.4941176471,0.4145098039,0.3529411765,0.05976470588,7.552941176,0.2509803922,0.5419607843,0.8529411765,0.6117647059,0.5019607843,0.4936470588,0.1125490196,0.8388235294,0.9166666667,1.031427,99.90264,03_OPT/00/NSGA1_000/DES_00267,1
0.6233333333,0.5105882353,0.5254901961,0.5215686275,0.3811764706,0.03529411765,0.1411764706,0.382745098,0.4023529412,0.8770588235,0.5921568627,0.2196078431,0.5134117647,0.1039215686,0.8670588235,0.8941176471,-1.172477,100.7354,03_OPT/00/NSGA1_000/DES_00268,1
0.3833333333,0.4541176471,0.4862745098,0.5847058824,0.3607843137,0.04396078431,-4.470588235,0.3733333333,0.5247058824,0.8582352941,0.5431372549,0.2862745098,0.5501176471,0.1231372549,0.8615686275,0.831372549,-0.8217567,101.0258,03_OPT/00/NSGA1_000/DES_00269,1
0.7,0.4047058824,0.5631372549,0.4062745098,0.3560784314,0.03529411765,6.235294118,0.4737254902,0.4603921569,0.8917647059,0.6068627451,0.3960784314,0.4682352941,0.1023529412,0.8662745098,0.8911764706,-0.9497393,100.5132,03_OPT/00/NSGA1_000/DES_00270,1
0.4233333333,0.3670588235,0.4580392157,0.5490196078,0.3670588235,0.03937254902,-11.05882353,0.4862745098,0.5498039216,0.8682352941,0.6303921569,0.3490196078,0.5458823529,0.1180392157,0.8835294118,0.8911764706,-0.2442522,100.2316,03_OPT/00/NSGA1_000/DES_00271,1
0.5866666667,0.4894117647,0.5364705882,0.4035294118,0.3247058824,0.08474509804,-3.976470588,0.257254902,0.4164705882,0.8676470588,0.6058823529,0.4509803922,0.4442352941,0.108627451,0.8874509804,0.8862745098,0.9264601,100.0961,03_OPT/00/NSGA1_000/DES_00272,1
0.64,0.44,0.4266666667,0.3815686275,0.2619607843,0.05109803922,11.34117647,0.4705882353,0.5262745098,0.8652941176,0.612745098,0.2745098039,0.4823529412,0.12,0.8992156863,0.8274509804,-0.6616374,100.6996,03_OPT/00/NSGA1_000/DES_00273,1
0.6366666667,0.5458823529,0.5019607843,0.348627451,0.3137254902,0.04447058824,-0.8470588235,0.4517647059,0.4007843137,0.8682352941,0.631372549,0.1019607843,0.5134117647,0.1145098039,0.8921568627,0.9441176471,-0.3569935,100.0132,03_OPT/00/NSGA1_000/DES_00274,1
0.6566666667,0.48,0.4721568627,0.6615686275,0.3435294118,0.03121568627,5.905882353,0.577254902,0.568627451,0.8658823529,0.5343137255,0.231372549,0.4795294118,0.1129411765,0.882745098,0.9254901961,-0.2495909,99.97581,03_OPT/00/NSGA1_000/DES_00275,1
0.64,0.3717647059,0.4549019608,0.5462745098,0.2729411765,0.05211764706,-4.964705882,0.382745098,0.5105882353,0.8535294118,0.5480392157,0.2156862745,0.4569411765,0.111372549,0.8560784314,0.9303921569,0.1530763,100.0497,03_OPT/00/NSGA1_000/DES_00276,1
0.6466666667,0.5247058824,0.4376470588,0.4035294118,0.3419607843,0.07760784314,4.094117647,0.6337254902,0.3050980392,0.8758823529,0.6480392157,0.01568627451,0.5247058824,0.12,0.8356862745,0.9039215686,-0.03607536,100.224,03_OPT/00/NSGA1_000/DES_00277,1
0.7433333333,0.4329411765,0.5490196078,0.4035294118,0.3952941176,0.1071764706,-4.305882353,0.5176470588,0.3741176471,0.8811764706,0.5833333333,0.1568627451,0.5656470588,0.1050980392,0.8411764706,0.9196078431,2.89841,99.86499,03_OPT/00/NSGA1_000/DES_00278,1
0.48,0.4729411765,0.6054901961,0.4611764706,0.3639215686,0.03478431373,5.082352941,0.6588235294,0.4760784314,0.8741176471,0.6343137255,0.3843137255,0.5091764706,0.1349019608,0.8898039216,0.9078431373,-0.5039583,100.0337,03_OPT/00/NSGA1_000/DES_00279,1
0.69,0.5058823529,0.4737254902,0.4996078431,0.2980392157,0.05517647059,-2.0,0.5207843137,0.4509803922,0.8817647059,0.5362745098,0.1960784314,0.5981176471,0.1250980392,0.8670588235,0.8578431373,-0.6168247,100.5935,03_OPT/00/NSGA1_000/DES_00280,1
0.67,0.5035294118,0.6211764706,0.3294117647,0.3623529412,0.0791372549,8.705882353,0.3262745098,0.5137254902,0.8547058824,0.612745098,0.4,0.5105882353,0.1270588235,0.8992156863,0.8676470588,1.386246,99.93766,03_OPT/00/NSGA1_000/DES_00281,1
0.59,0.2894117647,0.4705882353,0.3705882353,0.32,0.08066666667,-5.623529412,0.5019607843,0.5309803922,0.8547058824,0.6147058824,0.3333333333,0.5670588235,0.1141176471,0.8403921569,0.8558823529,0.9106355,100.3123,03_OPT/00/NSGA1_000/DES_00282,1
0.5733333333,0.4470588235,0.5019607843,0.5545098039,0.3341176471,0.05007843137,-2.0,0.542745098,0.4478431373,0.8517647059,0.6264705882,0.2901960784,0.4470588235,0.1007843137,0.8874509804,0.8764705882,-0.880211,100.4379,03_OPT/00/NSGA1_000/DES_00283,1
0.53,0.5623529412,0.4580392157,0.2854901961,0.382745098,0.0577254902,8.047058824,0.2823529412,0.4149019608,0.85,0.6029411765,0.5490196078,0.4936470588,0.1368627451,0.8717647059,0.8970588235,-0.536468,100.2105,03_OPT/00/NSGA1_000/DES_00284,1
0.7766666667,0.5670588235,0.5725490196,0.2745098039,0.2792156863,0.02611764706,4.588235294,0.382745098,0.5576470588,0.8517647059,0.5382352941,0.4666666667,0.4668235294,0.1203921569,0.8678431373,0.8323529412,-1.243702,101.1254,03_OPT/00/NSGA1_000/DES_00285,1
0.52,0.5623529412,0.5866666667,0.3788235294,0.3639215686,0.0531372549,0.3058823529,0.3294117647,0.4541176471,0.8811764706,0.6078431373,0.2784313725,0.4625882353,0.1168627451,0.8333333333,0.8656862745,-0.6931694,100.6771,03_OPT/00/NSGA1_000/DES_00286,1
0.47,0.4305882353,0.4015686275,0.4721568627,0.3921568627,0.03478431373,-6.776470588,0.6274509804,0.52,0.8676470588,0.5088235294,0.4117647059,0.5063529412,0.1388235294,0.8623529412,0.8598039216,-1.189615,100.8534,03_OPT/00/NSGA1_000/DES_00287,1
0.6166666667,0.5482352941,0.5176470588,0.4501960784,0.3576470588,0.072,11.17647059,0.671372549,0.502745098,0.8558823529,0.5852941176,0.5137254902,0.4809411765,0.108627451,0.8858823529,0.8970588235,1.076615,99.70916,03_OPT/00/NSGA1_000/DES_00288,1
0.4166666667,0.5035294118,0.4125490196,0.4721568627,0.3905882353,0.03529411765,-14.84705882,0.7466666667,0.502745098,0.8611764706,0.5794117647,0.5960784314,0.5162352941,0.1196078431,0.8584313725,0.8578431373,-1.090861,100.7448,03_OPT/00/NSGA1_000/DES_00289,1
0.4566666667,0.4235294118,0.4517647059,0.562745098,0.3043137255,0.05058823529,-13.69411765,0.4831372549,0.5058823529,0.8582352941,0.6392156863,0.4196078431,0.512,0.117254902,0.8725490196,0.9029411765,0.1122563,100.069,03_OPT/00/NSGA1_000/DES_00290,1
0.39,0.5764705882,0.4470588235,0.3898039216,0.2603921569,0.06435294118,0.9647058824,0.4141176471,0.5090196078,0.8623529412,0.5598039216,0.5921568627,0.488,0.1431372549,0.8662745098,0.8411764706,-0.1125886,100.4401,03_OPT/00/NSGA1_000/DES_00291,1
0.6633333333,0.4752941176,0.5098039216,0.4254901961,0.2729411765,0.06996078431,2.941176471,0.2980392157,0.3882352941,0.8629411765,0.612745098,0.4078431373,0.488,0.1031372549,0.8349019608,0.9450980392,1.038454,99.85452,03_OPT/00/NSGA1_000/DES_00292,1
0.61,0.5341176471,0.5317647059,0.5517647059,0.3764705882,0.07098039216,-3.647058824,0.4894117647,0.4588235294,0.8547058824,0.6460784314,0.3215686275,0.4978823529,0.1145098039,0.8615686275,0.8392156863,-0.1720538,100.3952,03_OPT/00/NSGA1_000/DES_00293,1
0.46,0.4188235294,0.4501960784,0.3925490196,0.3325490196,0.05160784314,0.6352941176,0.64,0.5419607843,0.85,0.5549019608,0.3725490196,0.4865882353,0.1301960784,0.8607843137,0.8303921569,-0.7951573,100.8093,03_OPT/00/NSGA1_000/DES_00294,1
0.7733333333,0.3552941176,0.6556862745,0.2635294118,0.32,0.04294117647,-9.082352941,0.7215686275,0.4509803922,0.88,0.5656862745,0.5921568627,0.5444705882,0.1098039216,0.8403921569,0.8519607843,-1.103938,100.7601,03_OPT/00/NSGA1_000/DES_00295,1
0.6933333333,0.4823529412,0.4109803922,0.5545098039,0.3482352941,0.04854901961,4.258823529,0.5145098039,0.4964705882,0.8805882353,0.5029411765,0.5215686275,0.4950588235,0.111372549,0.8615686275,0.8656862745,-0.8447675,100.5163,03_OPT/00/NSGA1_000/DES_00296,1
0.6166666667,0.5270588235,0.4862745098,0.491372549,0.32,0.02815686275,-7.764705882,0.1976470588,0.4933333333,0.8623529412,0.5901960784,0.01568627451,0.5247058824,0.1141176471,0.8921568627,0.8450980392,-1.092426,101.1854,03_OPT/00/NSGA1_000/DES_00297,1
0.7233333333,0.5317647059,0.542745098,0.4117647059,0.3403921569,0.04752941176,-3.482352941,0.7435294118,0.4776470588,0.86,0.6303921569,0.1843137255,0.4752941176,0.1152941176,0.8505882353,0.9196078431,-0.1348012,99.98413,03_OPT/00/NSGA1_000/DES_00298,1
0.6633333333,0.4494117647,0.4690196078,0.5737254902,0.2619607843,0.07352941176,5.247058824,0.6180392157,0.4619607843,0.8535294118,0.5568627451,0.2549019608,0.4442352941,0.1031372549,0.8780392157,0.9166666667,0.954857,99.80006,03_OPT/00/NSGA1_000/DES_00299,1
0.4733333333,0.4588235294,0.48,0.4666666667,0.3435294118,0.04549019608,-8.258823529,0.3890196078,0.3631372549,0.8594117647,0.5901960784,0.3490196078,0.4894117647,0.102745098,0.8301960784,0.9019607843,-1.114111,100.7724,03_OPT/00/NSGA1_000/DES_00300,1
0.3933333333,0.4094117647,0.4925490196,0.5298039216,0.3717647059,0.06537254902,-1.505882353,0.6274509804,0.5419607843,0.8629411765,0.5637254902,0.5215686275,0.5021176471,0.1349019608,0.8701960784,0.7980392157,-0.4099433,100.8038,03_OPT/00/NSGA1_000/DES_00301,1
0.69,0.56,0.4737254902,0.3458823529,0.3450980392,0.04803921569,-3.976470588,0.5458823529,0.3694117647,0.8682352941,0.5950980392,0.3294117647,0.5571764706,0.1050980392,0.8701960784,0.8637254902,-1.167079,100.863,03_OPT/00/NSGA1_000/DES_00302,1
0.5033333333,0.4494117647,0.6007843137,0.4035294118,0.3952941176,0.05568627451,5.905882353,0.3952941176,0.422745098,0.8958823529,0.5411764706,0.07450980392,0.4894117647,0.1301960784,0.8843137255,0.9166666667,-0.3318702,100.1448,03_OPT/00/NSGA1_000/DES_00303,1
0.5166666667,0.5341176471,0.5333333333,0.6341176471,0.368627451,0.05823529412,-10.72941176,0.5741176471,0.4917647059,0.8941176471,0.6196078431,0.5568627451,0.5105882353,0.1266666667,0.8364705882,0.8225490196,-0.4113355,100.5208,03_OPT/00/NSGA1_000/DES_00304,1
0.8266666667,0.3717647059,0.448627451,0.3843137255,0.3341176471,0.04905882353,4.094117647,0.4454901961,0.44,0.8847058824,0.5470588235,0.4235294118,0.5049411765,0.1074509804,0.8529411765,0.9068627451,-0.6099162,100.326,03_OPT/00/NSGA1_000/DES_00305,1
0.71,0.5152941176,0.5160784314,0.6176470588,0.3937254902,0.04803921569,2.776470588,0.5145098039,0.4933333333,0.8570588235,0.6058823529,0.3764705882,0.4484705882,0.1074509804,0.8458823529,0.8911764706,-0.5121238,100.184,03_OPT/00/NSGA1_000/DES_00306,1
0.6666666667,0.5294117647,0.5082352941,0.4639215686,0.3482352941,0.07047058824,4.423529412,0.3670588235,0.4509803922,0.8611764706,0.5833333333,0.4705882353,0.5232941176,0.1043137255,0.8874509804,0.8882352941,0.3366655,99.99973,03_OPT/00/NSGA1_000/DES_00307,1
0.74,0.4870588235,0.4407843137,0.5298039216,0.2258823529,0.06384313725,4.917647059,0.5709803922,0.5388235294,0.8511764706,0.5882352941,0.5019607843,0.4936470588,0.1070588235,0.882745098,0.9078431373,1.568482,99.67742,03_OPT/00/NSGA1_000/DES_00308,1
0.9433333333,0.4376470588,0.5019607843,0.3980392157,0.3592156863,0.02254901961,-12.04705882,0.4517647059,0.4007843137,0.8864705882,0.6137254902,0.1254901961,0.4710588235,0.1098039216,0.8835294118,0.9362745098,-1.102091,100.5633,03_OPT/00/NSGA1_000/DES_00309,1
0.7666666667,0.5741176471,0.5254901961,0.4803921569,0.3450980392,0.03478431373,3.435294118,0.4298039216,0.422745098,0.8505882353,0.6098039216,0.1607843137,0.4724705882,0.1211764706,0.8552941176,0.9421568627,-0.7451313,100.1606,03_OPT/00/NSGA1_000/DES_00310,1
0.7133333333,0.4776470588,0.5678431373,0.3788235294,0.3074509804,0.05007843137,-1.176470588,0.5678431373,0.4949019608,0.8764705882,0.6225490196,0.4235294118,0.5105882353,0.1258823529,0.8576470588,0.8862745098,-0.05630956,100.0936,03_OPT/00/NSGA1_000/DES_00311,1
0.5966666667,0.5552941176,0.528627451,0.5764705882,0.3294117647,0.06129411765,-2.329411765,0.6117647059,0.4650980392,0.8805882353,0.5970588235,0.4823529412,0.4682352941,0.1050980392,0.8505882353,0.8833333333,0.02293329,100.0741,03_OPT/00/NSGA1_000/DES_00312,1
