_2_fwd_4_COLUs_col4_0_speed_r_2_PV_sp,_2_fwd_3_GUIDEs_GUIDE_3_1_SplineSnap_4_SHIFTS_PV_v_03,_2_fwd_3_GUIDEs_GUIDE_3_1_SplineSnap_4_SHIFTS_PV_u_03,_2_fwd_3_GUIDEs_GUIDE_3_1_SplineSnap_4_SHIFTS_PV_t_02,_2_fwd_3_GUIDEs_GUIDE_2_4_circleSnap_PV_t_angle,_2_fwd_3_GUIDEs_GUIDE_2_4_circleSnap_PV_sp,_2_fwd_3_GUIDEs_GUIDE_2_4_circleSnap_PV_ax_end,_2_fwd_3_GUIDEs_GUIDE_2_1_SplineSnap_4_SHIFTS_PV_v_02,_2_fwd_3_GUIDEs_GUIDE_2_1_SplineSnap_4_SHIFTS_PV_u_02,_2_fwd_2_VERTICAL_2_FRAME_seg02_PM_PV_zr_end,_2_fwd_2_VERTICAL_2_FRAME_seg01_PM_PV_zr_end,_2_fwd_2_VERTICAL_1_STEM_seg02_PM_PV_ar_end,_2_fwd_2_VERTICAL_1_STEM_seg01_PV_sp_Start,_2_fwd_2_VERTICAL_1_STEM_seg01_PV_sp_End,_2_fwd_2_VERTICAL_1_STEM_PM_PV_zr_bulbNose,_2_fwd_2_VERTICAL_0_PM_PV_zr_FP,FORCES,RTRWPMIX,ct_ffw_HP01_value,_fsopt_design_id,_fsopt_generation
0.8419607843,0.45,0.4647058824,0.408,0.1223529412,0.1362745098,-0.8470588235,0.4611764706,0.4988235294,0.9294117647,0.5619607843,0.9462745098,0.6764705882,0.1,0.9107843137,0.8141176471,0.3371629,0.1620908,7.15735,03_OPT/00/NSGA1_000/DES_00001,1
0.9311764706,0.462,0.4274509804,0.5,0.05803921569,0.1496078431,1.623529412,0.4643137255,0.4705882353,0.9096470588,0.5611764706,0.9052941176,0.7023529412,0.1035294118,0.9284313725,0.8311764706,1.459016,1.320653,7.3281,03_OPT/00/NSGA1_000/DES_00002,1
0.9235294118,0.458,0.4392156863,0.496,0.04392156863,0.1358823529,-5.129411765,0.5490196078,0.5082352941,0.92,0.5721568627,0.9239215686,0.6694117647,0.1078431373,0.8882352941,0.8411764706,0.9429228,0.7860364,7.34081,03_OPT/00/NSGA1_000/DES_00003,1
0.8801960784,0.472,0.4862745098,0.498,0.1568627451,0.1394117647,4.752941176,0.5396078431,0.4894117647,0.9303529412,0.5564705882,0.8903921569,0.6823529412,0.1047058824,0.8941176471,0.8147058824,0.2586704,0.2546548,7.11761,03_OPT/00/NSGA1_000/DES_00004,1
0.8037254902,0.476,0.4666666667,0.444,0.09882352941,0.1476470588,-2.0,0.4988235294,0.5058823529,0.9327058824,0.5188235294,0.9015686275,0.6835294118,0.1,0.9058823529,0.8217647059,0.923942,0.6110374,7.19522,03_OPT/00/NSGA1_000/DES_00005,1
0.9005882353,0.478,0.4843137255,0.452,0.08470588235,0.1496078431,-1.341176471,0.5333333333,0.5317647059,0.9256470588,0.5643137255,0.8568627451,0.6552941176,0.1066666667,0.8774509804,0.8182352941,0.9853921,0.7287982,7.10622,03_OPT/00/NSGA1_000/DES_00006,1
0.8598039216,0.484,0.4862745098,0.48,0.09882352941,0.147254902,0.4705882353,0.4454901961,0.4776470588,0.9421176471,0.5509803922,0.9201960784,0.7752941176,0.1070588235,0.8911764706,0.8364705882,1.303392,1.522838,7.30492,03_OPT/00/NSGA1_000/DES_00007,1
0.9311764706,0.454,0.4921568627,0.502,0.1223529412,0.1445098039,-3.152941176,0.5898039216,0.5741176471,0.9336470588,0.5109803922,0.8270588235,0.6858823529,0.1078431373,0.9401960784,0.8158823529,1.184975,1.007238,7.22222,03_OPT/00/NSGA1_000/DES_00008,1
0.8725490196,0.454,0.4784313725,0.504,0.1678431373,0.1350980392,4.752941176,0.4643137255,0.4705882353,0.9223529412,0.5588235294,0.7376470588,0.6988235294,0.1019607843,0.8892156863,0.8205882353,-0.0184023,0.04221981,7.09481,03_OPT/00/NSGA1_000/DES_00009,1
0.9056862745,0.492,0.462745098,0.508,0.1035294118,0.1370588235,0.8,0.4266666667,0.4376470588,0.9392941176,0.5603921569,0.8978431373,0.6764705882,0.1058823529,0.9098039216,0.8241176471,0.4258201,0.2865967,7.23009,03_OPT/00/NSGA1_000/DES_00010,1
0.8674509804,0.484,0.4274509804,0.472,0.03450980392,0.1433333333,-12.37647059,0.3796078431,0.4823529412,0.9312941176,0.5439215686,0.8903921569,0.7223529412,0.1105882353,0.9,0.8417647059,1.108979,0.9451324,7.35933,03_OPT/00/NSGA1_000/DES_00011,1
0.9949019608,0.488,0.4058823529,0.494,0.0831372549,0.1421568627,-0.6823529412,0.4925490196,0.5764705882,0.9289411765,0.5674509804,0.9164705882,0.7,0.1094117647,0.9049019608,0.8505882353,2.273519,2.420316,7.44877,03_OPT/00/NSGA1_000/DES_00012,1
0.8419607843,0.492,0.4666666667,0.444,0.1976470588,0.147254902,1.129411765,0.3921568627,0.5694117647,0.9392941176,0.5243137255,0.8307843137,0.6917647059,0.111372549,0.8843137255,0.8364705882,1.231201,1.202033,7.26455,03_OPT/00/NSGA1_000/DES_00013,1
0.9260784314,0.466,0.4549019608,0.436,0.01725490196,0.1378431373,-2.164705882,0.6243137255,0.4376470588,0.9449411765,0.5643137255,0.9350980392,0.68,0.1156862745,0.8950980392,0.85,1.259608,1.091538,7.44002,03_OPT/00/NSGA1_000/DES_00014,1
0.8878431373,0.42,0.4647058824,0.452,0.09568627451,0.1390196078,1.788235294,0.5270588235,0.5811764706,0.9463529412,0.602745098,0.9239215686,0.7505882353,0.1019607843,0.8931372549,0.8305882353,1.32993,1.631802,7.25489,03_OPT/00/NSGA1_000/DES_00015,1
0.8623529412,0.5,0.4568627451,0.496,0.0831372549,0.1445098039,-5.623529412,0.4580392157,0.4023529412,0.9247058824,0.5807843137,0.9462745098,0.7352941176,0.1039215686,0.8549019608,0.8452941176,0.6653517,0.7245864,7.33029,03_OPT/00/NSGA1_000/DES_00016,1
0.8394117647,0.494,0.4960784314,0.502,0.128627451,0.1464705882,-2.823529412,0.4862745098,0.5317647059,0.9548235294,0.5211764706,0.8047058824,0.7094117647,0.1160784314,0.9323529412,0.8094117647,1.005236,0.8762407,7.15889,03_OPT/00/NSGA1_000/DES_00017,1
0.9592156863,0.486,0.4647058824,0.45,0.1505882353,0.1378431373,2.611764706,0.4643137255,0.3882352941,0.912,0.5392156863,0.8903921569,0.7,0.1152941176,0.8705882353,0.8394117647,0.2112801,0.256596,7.29255,03_OPT/00/NSGA1_000/DES_00018,1
0.8547058824,0.482,0.4058823529,0.502,0.1160784314,0.1378431373,-2.988235294,0.4360784314,0.48,0.9468235294,0.5815686275,0.8494117647,0.7223529412,0.1015686275,0.9362745098,0.8358823529,0.9283211,1.001594,7.36801,03_OPT/00/NSGA1_000/DES_00019,1
0.7833333333,0.468,0.4666666667,0.408,0.09882352941,0.1488235294,0.4705882353,0.5396078431,0.4729411765,0.9294117647,0.5721568627,0.8568627451,0.7129411765,0.1062745098,0.9137254902,0.8411764706,1.474277,1.444318,7.36618,03_OPT/00/NSGA1_000/DES_00020,1
0.8190196078,0.468,0.4294117647,0.508,0.05490196078,0.1452941176,6.070588235,0.5866666667,0.5364705882,0.9228235294,0.5525490196,0.9164705882,0.6988235294,0.1105882353,0.9205882353,0.8405882353,1.954827,2.001435,7.40244,03_OPT/00/NSGA1_000/DES_00021,1
0.8190196078,0.398,0.4725490196,0.438,0.1788235294,0.1445098039,-4.964705882,0.5552941176,0.3058823529,0.9162352941,0.5588235294,0.7860784314,0.6647058824,0.1137254902,0.9205882353,0.8347058824,0.1181563,-0.05811621,7.32311,03_OPT/00/NSGA1_000/DES_00022,1
0.8725490196,0.468,0.4666666667,0.46,0.1192156863,0.1362745098,1.294117647,0.6368627451,0.4847058824,0.9162352941,0.5596078431,0.9388235294,0.6623529412,0.1137254902,0.8960784314,0.8247058824,0.4589393,0.3815743,7.23309,03_OPT/00/NSGA1_000/DES_00023,1
0.9362745098,0.482,0.4431372549,0.48,0.1098039216,0.1311764706,2.611764706,0.5835294118,0.44,0.9468235294,0.5556862745,0.8754901961,0.7023529412,0.122745098,0.9480392157,0.8164705882,0.3831223,0.4466389,7.29643,03_OPT/00/NSGA1_000/DES_00024,1
0.7603921569,0.484,0.4509803922,0.494,0.007843137255,0.1398039216,1.129411765,0.4392156863,0.5647058824,0.9247058824,0.5556862745,0.8419607843,0.6988235294,0.1078431373,0.9450980392,0.8294117647,1.708562,1.585113,7.3519,03_OPT/00/NSGA1_000/DES_00025,1
0.9668627451,0.482,0.4588235294,0.47,0.04705882353,0.147254902,-1.835294118,0.5615686275,0.4470588235,0.9496470588,0.5807843137,0.6445098039,0.6952941176,0.1054901961,0.9147058824,0.8347058824,1.24917,1.059519,7.24772,03_OPT/00/NSGA1_000/DES_00026,1
0.9337254902,0.466,0.4588235294,0.464,0.02823529412,0.1441176471,-1.011764706,0.542745098,0.4917647059,0.9383529412,0.5580392157,0.8196078431,0.7011764706,0.1062745098,0.8960784314,0.8211764706,0.9254418,0.7588482,7.15102,03_OPT/00/NSGA1_000/DES_00027,1
0.8954901961,0.448,0.4745098039,0.438,0.128627451,0.1417647059,-0.5176470588,0.6149019608,0.5082352941,0.9312941176,0.5549019608,0.8270588235,0.6905882353,0.1011764706,0.8656862745,0.8476470588,0.9427471,0.87088,7.30998,03_OPT/00/NSGA1_000/DES_00028,1
0.9184313725,0.442,0.4549019608,0.496,0.1066666667,0.1496078431,5.576470588,0.3701960784,0.5764705882,0.9228235294,0.5478431373,0.8307843137,0.7094117647,0.1,0.9147058824,0.8447058824,2.224269,2.231114,7.37856,03_OPT/00/NSGA1_000/DES_00029,1
0.987254902,0.48,0.4039215686,0.484,0.1317647059,0.1433333333,-0.1882352941,0.5207843137,0.5176470588,0.9345882353,0.5352941176,0.8456862745,0.7047058824,0.1156862745,0.8970588235,0.8417647059,1.402757,1.430905,7.34569,03_OPT/00/NSGA1_000/DES_00030,1
0.8317647059,0.498,0.4509803922,0.506,0.1270588235,0.1476470588,1.294117647,0.5803921569,0.5317647059,0.9383529412,0.5705882353,0.76,0.6282352941,0.1066666667,0.8696078431,0.8382352941,1.249845,0.9279727,7.21744,03_OPT/00/NSGA1_000/DES_00031,1
0.8852941176,0.486,0.4705882353,0.458,0.05960784314,0.1464705882,-3.317647059,0.671372549,0.52,0.9129411765,0.5611764706,0.8866666667,0.72,0.1003921569,0.8950980392,0.8370588235,1.352751,1.332713,7.29553,03_OPT/00/NSGA1_000/DES_00032,1
0.9184313725,0.368,0.468627451,0.422,0.1552941176,0.1480392157,1.788235294,0.5270588235,0.5082352941,0.9101176471,0.5196078431,0.8978431373,0.7729411765,0.1050980392,0.9,0.8511764706,1.523545,1.765711,7.43137,03_OPT/00/NSGA1_000/DES_00033,1
0.9209803922,0.448,0.4784313725,0.494,0.09254901961,0.1433333333,3.435294118,0.4643137255,0.5129411765,0.9251764706,0.5321568627,0.9239215686,0.7494117647,0.1196078431,0.8892156863,0.8335294118,1.268216,1.439499,7.29535,03_OPT/00/NSGA1_000/DES_00034,1
0.8292156863,0.46,0.4725490196,0.434,0.111372549,0.1429411765,6.4,0.1882352941,0.4988235294,0.9468235294,0.5384313725,0.9164705882,0.7411764706,0.1011764706,0.8647058824,0.8364705882,0.7752648,0.8443543,7.25475,03_OPT/00/NSGA1_000/DES_00035,1
0.8011764706,0.464,0.4803921569,0.494,0.1207843137,0.1358823529,0.8,0.577254902,0.5858823529,0.9388235294,0.557254902,0.8903921569,0.7164705882,0.1050980392,0.9568627451,0.8176470588,1.179326,1.273368,7.29477,03_OPT/00/NSGA1_000/DES_00036,1
0.87,0.472,0.4450980392,0.48,0.09098039216,0.138627451,-3.482352941,0.5709803922,0.4964705882,0.9232941176,0.5807843137,0.9090196078,0.7235294118,0.1078431373,0.9098039216,0.8117647059,0.4297236,0.4958554,7.13558,03_OPT/00/NSGA1_000/DES_00037,1
0.857254902,0.494,0.468627451,0.388,0.06274509804,0.1468627451,3.929411765,0.5301960784,0.5035294118,0.9298823529,0.5360784314,0.9052941176,0.7047058824,0.1031372549,0.9460784314,0.8505882353,2.257361,2.176448,7.53334,03_OPT/00/NSGA1_000/DES_00038,1
0.811372549,0.454,0.4725490196,0.478,0.1066666667,0.1405882353,2.776470588,0.5615686275,0.5741176471,0.92,0.5650980392,0.9239215686,0.6917647059,0.1156862745,0.9107843137,0.8352941176,1.581162,1.711251,7.34761,03_OPT/00/NSGA1_000/DES_00039,1
0.9158823529,0.47,0.462745098,0.47,0.128627451,0.1456862745,4.258823529,0.4705882353,0.3858823529,0.9383529412,0.5823529412,0.9239215686,0.6705882353,0.1019607843,0.8921568627,0.8347058824,0.640693,0.491852,7.287,03_OPT/00/NSGA1_000/DES_00040,1
0.9337254902,0.482,0.4647058824,0.436,0.04705882353,0.1354901961,2.611764706,0.5176470588,0.4188235294,0.9416470588,0.5839215686,0.9425490196,0.6705882353,0.1211764706,0.8745098039,0.8452941176,0.8408728,0.7301087,7.37488,03_OPT/00/NSGA1_000/DES_00041,1
0.9031372549,0.494,0.4607843137,0.428,0.1129411765,0.1445098039,-6.282352941,0.5866666667,0.5011764706,0.9143529412,0.5250980392,0.9090196078,0.7094117647,0.1050980392,0.8990196078,0.8264705882,0.7278123,0.6334339,7.23054,03_OPT/00/NSGA1_000/DES_00042,1
0.9464705882,0.44,0.468627451,0.456,0.1145098039,0.1433333333,-4.8,0.4831372549,0.4823529412,0.9388235294,0.5352941176,0.797254902,0.7023529412,0.1003921569,0.9529411765,0.8382352941,1.292666,1.136267,7.42257,03_OPT/00/NSGA1_000/DES_00043,1
0.87,0.466,0.4941176471,0.498,0.1066666667,0.1394117647,3.105882353,0.4768627451,0.4611764706,0.9256470588,0.5415686275,0.9462745098,0.6847058824,0.1223529412,0.8823529412,0.8270588235,0.6200024,0.5812174,7.24164,03_OPT/00/NSGA1_000/DES_00044,1
0.8496078431,0.492,0.4019607843,0.488,0.1145098039,0.1456862745,3.6,0.5176470588,0.4188235294,0.9190588235,0.5745098039,0.8792156863,0.6705882353,0.108627451,0.8774509804,0.8305882353,0.5126809,0.396379,7.21898,03_OPT/00/NSGA1_000/DES_00045,1
0.9260784314,0.364,0.4764705882,0.476,0.08784313725,0.1358823529,-5.788235294,0.6180392157,0.5505882353,0.9068235294,0.5674509804,0.8270588235,0.6952941176,0.1039215686,0.8784313725,0.8170588235,0.3404525,0.317815,7.08276,03_OPT/00/NSGA1_000/DES_00046,1
0.9311764706,0.482,0.4843137255,0.462,0.1521568627,0.1425490196,1.952941176,0.4203921569,0.5152941176,0.9458823529,0.5596078431,0.9090196078,0.7082352941,0.1105882353,0.8784313725,0.8029411765,0.2929157,0.3639412,7.00846,03_OPT/00/NSGA1_000/DES_00047,1
0.8674509804,0.472,0.4490196078,0.412,0.1552941176,0.1370588235,-0.8470588235,0.4611764706,0.4211764706,0.9256470588,0.5549019608,0.9425490196,0.6847058824,0.1109803922,0.9323529412,0.8247058824,0.2649472,0.1992014,7.30811,03_OPT/00/NSGA1_000/DES_00048,1
0.9056862745,0.47,0.4745098039,0.474,0.05647058824,0.1496078431,2.776470588,0.511372549,0.5952941176,0.9152941176,0.5533333333,0.8419607843,0.6941176471,0.1066666667,0.8696078431,0.8617647059,2.84144,2.906261,7.44547,03_OPT/00/NSGA1_000/DES_00049,1
0.9260784314,0.466,0.4549019608,0.436,0.01725490196,0.1433333333,-1.835294118,0.6243137255,0.48,0.9449411765,0.5643137255,0.8866666667,0.68,0.1156862745,0.8950980392,0.85,1.836097,1.687829,7.42326,03_OPT/00/NSGA1_000/DES_00050,1
0.8929411765,0.484,0.3431372549,0.45,0.1396078431,0.1366666667,-2.494117647,0.5270588235,0.4776470588,0.9185882353,0.5549019608,0.7152941176,0.6976470588,0.1066666667,0.887254902,0.8058823529,-0.07450411,-0.09431342,6.96911,03_OPT/00/NSGA1_000/DES_00051,1
0.9056862745,0.44,0.4843137255,0.452,0.1725490196,0.1374509804,-0.8470588235,0.3921568627,0.4870588235,0.9176470588,0.5337254902,0.8121568627,0.7023529412,0.1149019608,0.8715686275,0.8029411765,-0.1176526,-0.06196547,6.96356,03_OPT/00/NSGA1_000/DES_00052,1
0.9643137255,0.508,0.4039215686,0.492,0.1364705882,0.1331372549,8.047058824,0.5176470588,0.4211764706,0.9148235294,0.5580392157,0.7711764706,0.6682352941,0.1290196078,0.8745098039,0.8111764706,-0.1104536,-0.05383548,7.04174,03_OPT/00/NSGA1_000/DES_00053,1
0.8598039216,0.404,0.3588235294,0.474,0.1537254902,0.138627451,5.411764706,0.5270588235,0.3788235294,0.9049411765,0.5478431373,0.7264705882,0.6870588235,0.1184313725,0.881372549,0.82,-0.1525042,-0.1131377,7.09517,03_OPT/00/NSGA1_000/DES_00054,1
0.8215686275,0.414,0.4666666667,0.506,0.1239215686,0.1401960784,4.752941176,0.5521568627,0.4470588235,0.9388235294,0.5611764706,0.8084313725,0.6717647059,0.1023529412,0.8588235294,0.8205882353,0.09761346,0.04070351,7.06939,03_OPT/00/NSGA1_000/DES_00055,1
0.8878431373,0.462,0.4254901961,0.442,0.1631372549,0.1366666667,3.270588235,0.3952941176,0.5835294118,0.9171764706,0.5447058824,0.6445098039,0.6294117647,0.1003921569,0.8803921569,0.8047058824,0.1744438,-0.1208025,6.90718,03_OPT/00/NSGA1_000/DES_00056,1
0.9719607843,0.458,0.4823529412,0.48,0.1866666667,0.1264705882,0.1411764706,0.577254902,0.4847058824,0.9209411765,0.58,0.778627451,0.6988235294,0.1117647059,0.9039215686,0.8229411765,-0.06394059,0.1053798,7.17794,03_OPT/00/NSGA1_000/DES_00057,1
0.9158823529,0.482,0.468627451,0.5,0.24,0.1249019608,0.3058823529,0.3890196078,0.4094117647,0.9077647059,0.571372549,0.8568627451,0.7011764706,0.1094117647,0.8833333333,0.8447058824,-0.3072128,-0.05972663,7.33763,03_OPT/00/NSGA1_000/DES_00058,1
0.7221568627,0.454,0.4745098039,0.442,0.1003921569,0.1323529412,1.294117647,0.5396078431,0.4729411765,0.9214117647,0.5792156863,0.7823529412,0.7152941176,0.1035294118,0.8852941176,0.8288235294,0.1205351,0.2274593,7.17398,03_OPT/00/NSGA1_000/DES_00059,1
0.87,0.476,0.4901960784,0.436,0.07529411765,0.1362745098,9.364705882,0.351372549,0.5623529412,0.9247058824,0.5376470588,0.7339215686,0.7094117647,0.1109803922,0.9225490196,0.8411764706,1.426385,1.476655,7.36161,03_OPT/00/NSGA1_000/DES_00060,1
0.8317647059,0.402,0.4294117647,0.476,0.09098039216,0.1378431373,0.9647058824,0.5615686275,0.4564705882,0.9138823529,0.5125490196,0.8531372549,0.7211764706,0.108627451,0.9068627451,0.8411764706,0.6253347,0.6157201,7.35345,03_OPT/00/NSGA1_000/DES_00061,1
0.8394117647,0.478,0.4647058824,0.466,0.1725490196,0.1319607843,4.588235294,0.5615686275,0.3882352941,0.9007058824,0.5580392157,0.6109803922,0.6435294118,0.1015686275,0.8823529412,0.8223529412,-0.3367079,-0.5187487,7.04516,03_OPT/00/NSGA1_000/DES_00062,1
0.9056862745,0.402,0.431372549,0.444,0.1741176471,0.1143137255,4.094117647,0.417254902,0.5247058824,0.9270588235,0.5784313725,0.5849019608,0.7211764706,0.102745098,0.9254901961,0.8258823529,-0.3245952,-0.06376737,7.18418,03_OPT/00/NSGA1_000/DES_00063,1
0.8980392157,0.482,0.4862745098,0.48,0.1866666667,0.1358823529,4.423529412,0.4235294118,0.3129411765,0.9331764706,0.5619607843,0.8568627451,0.7270588235,0.1098039216,0.8676470588,0.8388235294,-0.1880695,0.02648611,7.26271,03_OPT/00/NSGA1_000/DES_00064,1
0.7705882353,0.416,0.4941176471,0.372,0.1301960784,0.1358823529,7.388235294,0.4611764706,0.3505882353,0.9148235294,0.5643137255,0.741372549,0.6752941176,0.1062745098,0.8715686275,0.83,-0.1987652,-0.2282939,7.14506,03_OPT/00/NSGA1_000/DES_00065,1
0.8317647059,0.49,0.4862745098,0.456,0.1898039216,0.1343137255,6.070588235,0.4768627451,0.5270588235,0.9157647059,0.5533333333,0.7078431373,0.6705882353,0.1219607843,0.9333333333,0.8276470588,0.5350752,0.5759349,7.30391,03_OPT/00/NSGA1_000/DES_00066,1
0.8954901961,0.476,0.4764705882,0.502,0.1882352941,0.1335294118,8.211764706,0.5082352941,0.5341176471,0.9190588235,0.5415686275,0.8456862745,0.6670588235,0.1207843137,0.912745098,0.8241176471,0.4249962,0.4747171,7.24631,03_OPT/00/NSGA1_000/DES_00067,1
0.8470588235,0.474,0.4333333333,0.492,0.2054901961,0.138627451,4.588235294,0.4141176471,0.5058823529,0.92,0.5290196078,0.5923529412,0.6611764706,0.1047058824,0.9205882353,0.8205882353,0.2798977,0.1261772,7.13182,03_OPT/00/NSGA1_000/DES_00068,1
0.7374509804,0.414,0.3647058824,0.484,0.06745098039,0.1441176471,5.905882353,0.4831372549,0.4705882353,0.9115294118,0.5768627451,0.6556862745,0.7270588235,0.1011764706,0.8941176471,0.8376470588,0.7372557,0.7652569,7.21399,03_OPT/00/NSGA1_000/DES_00069,1
0.9464705882,0.504,0.4901960784,0.438,0.2196078431,0.1229411765,6.564705882,0.5741176471,0.5317647059,0.8922352941,0.5188235294,0.6929411765,0.6976470588,0.1015686275,0.9019607843,0.8158823529,-0.4338472,-0.3191327,7.06787,03_OPT/00/NSGA1_000/DES_00070,1
0.8980392157,0.474,0.4862745098,0.454,0.191372549,0.1221568627,10.35294118,0.3764705882,0.48,0.9364705882,0.557254902,0.6296078431,0.6882352941,0.1180392157,0.8950980392,0.8358823529,-0.1490689,0.04647026,7.22374,03_OPT/00/NSGA1_000/DES_00071,1
0.9235294118,0.444,0.4745098039,0.506,0.1380392157,0.1252941176,3.6,0.5678431373,0.4752941176,0.9110588235,0.5705882353,0.6035294118,0.7364705882,0.1101960784,0.9019607843,0.8164705882,-0.2299751,0.0336528,7.05874,03_OPT/00/NSGA1_000/DES_00072,1
0.6992156863,0.414,0.4529411765,0.456,0.1490196078,0.1398039216,4.917647059,0.5239215686,0.5505882353,0.9256470588,0.5494117647,0.8717647059,0.7223529412,0.1058823529,0.9039215686,0.8511764706,1.391416,1.585686,7.43131,03_OPT/00/NSGA1_000/DES_00073,1
0.6941176471,0.47,0.462745098,0.478,0.1945098039,0.1394117647,5.905882353,0.417254902,0.52,0.9298823529,0.5752941176,0.741372549,0.6564705882,0.1070588235,0.8735294118,0.8194117647,0.1595306,0.09166715,7.06279,03_OPT/00/NSGA1_000/DES_00074,1
0.8929411765,0.384,0.4725490196,0.492,0.1207843137,0.1280392157,0.9647058824,0.5176470588,0.4964705882,0.9294117647,0.5298039216,0.5923529412,0.7105882353,0.1188235294,0.8647058824,0.8270588235,-0.03792443,0.0868901,7.06584,03_OPT/00/NSGA1_000/DES_00075,1
0.9821568627,0.442,0.437254902,0.458,0.1098039216,0.1460784314,3.105882353,0.4078431373,0.5247058824,0.9275294118,0.5721568627,0.8047058824,0.6858823529,0.1007843137,0.9303921569,0.8194117647,1.100079,0.8615535,7.20295,03_OPT/00/NSGA1_000/DES_00076,1
0.7552941176,0.49,0.3862745098,0.482,0.2164705882,0.1229411765,1.623529412,0.4360784314,0.4376470588,0.9115294118,0.5596078431,0.722745098,0.7117647059,0.1011764706,0.8647058824,0.8252941176,-0.6256804,-0.3631495,7.07965,03_OPT/00/NSGA1_000/DES_00077,1
0.8674509804,0.482,0.4156862745,0.442,0.208627451,0.1315686275,2.776470588,0.4894117647,0.4352941176,0.912,0.5329411765,0.6892156863,0.7270588235,0.117254902,0.9049019608,0.8447058824,0.04984252,0.2885902,7.34059,03_OPT/00/NSGA1_000/DES_00078,1
0.8598039216,0.478,0.4725490196,0.424,0.2431372549,0.1433333333,7.058823529,0.417254902,0.3670588235,0.9242352941,0.5564705882,0.8009803922,0.7223529412,0.1011764706,0.9225490196,0.8158823529,-0.2431455,-0.07883727,7.15328,03_OPT/00/NSGA1_000/DES_00079,1
0.8215686275,0.488,0.437254902,0.478,0.1803921569,0.138627451,5.247058824,0.48,0.4258823529,0.9336470588,0.5643137255,0.6966666667,0.7282352941,0.1082352941,0.8921568627,0.8211764706,-0.04960482,0.1319787,7.10119,03_OPT/00/NSGA1_000/DES_00080,1
0.9566666667,0.43,0.4352941176,0.456,0.1019607843,0.1433333333,-0.6823529412,0.4203921569,0.5576470588,0.9265882353,0.5831372549,0.7301960784,0.6623529412,0.1188235294,0.9264705882,0.8282352941,1.555939,1.397822,7.28371,03_OPT/00/NSGA1_000/DES_00081,1
0.8394117647,0.474,0.462745098,0.498,0.191372549,0.1409803922,10.84705882,0.3356862745,0.5223529412,0.9171764706,0.5635294118,0.6296078431,0.7011764706,0.1160784314,0.8823529412,0.8452941176,0.7540533,0.8564412,7.26523,03_OPT/00/NSGA1_000/DES_00082,1
0.928627451,0.43,0.4078431373,0.446,0.1223529412,0.1307843137,2.941176471,0.5647058824,0.5741176471,0.9134117647,0.5329411765,0.8382352941,0.6858823529,0.1039215686,0.9549019608,0.8247058824,0.7667886,0.6951397,7.33393,03_OPT/00/NSGA1_000/DES_00083,1
0.8980392157,0.472,0.4882352941,0.434,0.2180392157,0.1437254902,3.435294118,0.6054901961,0.4211764706,0.912,0.5274509804,0.7525490196,0.6423529412,0.1047058824,0.912745098,0.8352941176,0.2668226,0.07696492,7.27966,03_OPT/00/NSGA1_000/DES_00084,1
0.74,0.482,0.4156862745,0.442,0.1866666667,0.1280392157,2.941176471,0.4862745098,0.4635294118,0.9256470588,0.5870588235,0.7078431373,0.6670588235,0.1074509804,0.9049019608,0.8205882353,-0.2234095,-0.1863681,7.1297,03_OPT/00/NSGA1_000/DES_00085,1
0.882745098,0.454,0.4333333333,0.428,0.1349019608,0.1331372549,3.105882353,0.3764705882,0.4611764706,0.9275294118,0.5643137255,0.5550980392,0.7011764706,0.1231372549,0.8833333333,0.81,-0.07784916,-0.03955814,6.96458,03_OPT/00/NSGA1_000/DES_00086,1
0.9464705882,0.49,0.3803921569,0.484,0.09098039216,0.132745098,4.917647059,0.5835294118,0.4635294118,0.9223529412,0.5298039216,0.7041176471,0.7305882353,0.1125490196,0.8392156863,0.8076470588,-0.2308508,-0.04129601,6.8982,03_OPT/00/NSGA1_000/DES_00087,1
0.8496078431,0.47,0.4196078431,0.344,0.1537254902,0.1335294118,0.3058823529,0.5678431373,0.4564705882,0.9261176471,0.5454901961,0.7450980392,0.6588235294,0.1062745098,0.8901960784,0.8264705882,0.02720875,-0.1155365,7.15476,03_OPT/00/NSGA1_000/DES_00088,1
0.9592156863,0.468,0.4333333333,0.424,0.1929411765,0.1323529412,8.211764706,0.351372549,0.3882352941,0.9058823529,0.5549019608,0.7264705882,0.7082352941,0.1078431373,0.8892156863,0.84,-0.1875208,-0.02482545,7.25939,03_OPT/00/NSGA1_000/DES_00089,1
0.9592156863,0.494,0.4862745098,0.408,0.222745098,0.138627451,3.435294118,0.4423529412,0.5788235294,0.9444705882,0.5415686275,0.5849019608,0.6952941176,0.1054901961,0.9156862745,0.8364705882,0.9647806,1.013202,7.24678,03_OPT/00/NSGA1_000/DES_00090,1
0.8547058824,0.428,0.4,0.456,0.2101960784,0.1296078431,9.2,0.48,0.4023529412,0.9063529412,0.5721568627,0.7376470588,0.6835294118,0.1058823529,0.9382352941,0.8570588235,0.03987127,0.2304682,7.53013,03_OPT/00/NSGA1_000/DES_00091,1
0.7450980392,0.444,0.3941176471,0.442,0.1945098039,0.138627451,3.929411765,0.4611764706,0.5176470588,0.9124705882,0.5878431373,0.7711764706,0.7,0.1168627451,0.8970588235,0.8264705882,0.3647621,0.4753748,7.19707,03_OPT/00/NSGA1_000/DES_00092,1
0.8292156863,0.432,0.4235294118,0.474,0.2509803922,0.1425490196,-0.02352941176,0.5176470588,0.4376470588,0.9477647059,0.557254902,0.7301960784,0.6729411765,0.1066666667,0.8911764706,0.82,-0.06075949,-0.07116046,7.09894,03_OPT/00/NSGA1_000/DES_00093,1
0.7374509804,0.432,0.4803921569,0.482,0.1647058824,0.1252941176,3.435294118,0.5207843137,0.4352941176,0.9082352941,0.5580392157,0.7749019608,0.7482352941,0.1047058824,0.887254902,0.8347058824,-0.324942,0.02810428,7.22508,03_OPT/00/NSGA1_000/DES_00094,1
0.8878431373,0.422,0.3980392157,0.412,0.1145098039,0.1445098039,8.541176471,0.4705882353,0.5670588235,0.9195294118,0.5690196078,0.588627451,0.7047058824,0.1070588235,0.8774509804,0.8070588235,0.4065525,0.4184785,6.90895,03_OPT/00/NSGA1_000/DES_00095,1
0.7298039216,0.362,0.4254901961,0.508,0.2196078431,0.1260784314,9.035294118,0.5835294118,0.4964705882,0.9232941176,0.5596078431,0.741372549,0.6811764706,0.1082352941,0.8568627451,0.8305882353,-0.3530316,-0.1564671,7.12663,03_OPT/00/NSGA1_000/DES_00096,1
0.811372549,0.506,0.4274509804,0.47,0.1050980392,0.1409803922,1.952941176,0.3890196078,0.4964705882,0.9115294118,0.5345098039,0.7264705882,0.6788235294,0.1070588235,0.8421568627,0.8241176471,0.2387141,0.1300004,7.04244,03_OPT/00/NSGA1_000/DES_00097,1
0.9209803922,0.45,0.4862745098,0.434,0.1788235294,0.1456862745,-2.0,0.5678431373,0.4635294118,0.9138823529,0.5752941176,0.7115686275,0.7411764706,0.1,0.8450980392,0.8258823529,0.1006954,0.270074,7.0474,03_OPT/00/NSGA1_000/DES_00098,1
0.8266666667,0.432,0.3784313725,0.498,0.1756862745,0.1319607843,10.35294118,0.4517647059,0.5670588235,0.9162352941,0.5650980392,0.6482352941,0.7529411765,0.1145098039,0.9176470588,0.8211764706,0.3648313,0.6797832,7.1665,03_OPT/00/NSGA1_000/DES_00099,1
0.8674509804,0.406,0.4745098039,0.46,0.1333333333,0.1256862745,9.2,0.3482352941,0.3623529412,0.9369411765,0.5768627451,0.6854901961,0.7447058824,0.102745098,0.8411764706,0.8152941176,-0.6233753,-0.3137904,6.94548,03_OPT/00/NSGA1_000/DES_00100,1
0.8674509804,0.484,0.4274509804,0.472,0.08784313725,0.1390196078,-12.37647059,0.3796078431,0.4823529412,0.9312941176,0.5509803922,0.8903921569,0.7223529412,0.1105882353,0.9,0.8417647059,0.7984123,0.7431626,7.35933,03_OPT/00/NSGA1_000/DES_00101,1
0.7705882353,0.426,0.4941176471,0.372,0.1301960784,0.1358823529,7.388235294,0.4611764706,0.4047058824,0.9148235294,0.5611764706,0.741372549,0.6752941176,0.1062745098,0.8715686275,0.8247058824,-0.1158954,-0.157414,7.10151,03_OPT/00/NSGA1_000/DES_00102,1
0.8470588235,0.474,0.4333333333,0.492,0.2054901961,0.1378431373,4.588235294,0.4203921569,0.5058823529,0.92,0.5290196078,0.7264705882,0.6611764706,0.1047058824,0.9137254902,0.8205882353,0.2300619,0.1324479,7.15311,03_OPT/00/NSGA1_000/DES_00103,1
0.7756862745,0.494,0.4529411765,0.424,0.222745098,0.1370588235,9.2,0.5709803922,0.4023529412,0.9021176471,0.5470588235,0.5439215686,0.6658823529,0.1062745098,0.8970588235,0.8170588235,-0.3641557,-0.3542249,7.02148,03_OPT/00/NSGA1_000/DES_00104,1
0.8139215686,0.46,0.468627451,0.422,0.1694117647,0.1417647059,-3.152941176,0.5521568627,0.3764705882,0.92,0.54,0.6854901961,0.6294117647,0.1066666667,0.9166666667,0.8164705882,0.05199703,-0.2932812,7.11856,03_OPT/00/NSGA1_000/DES_00105,1
0.8852941176,0.404,0.468627451,0.496,0.2117647059,0.1480392157,3.270588235,0.5741176471,0.3294117647,0.8922352941,0.5501960784,0.5849019608,0.6705882353,0.1074509804,0.9049019608,0.7964705882,-0.15225,-0.3439314,6.89117,03_OPT/00/NSGA1_000/DES_00106,1
0.8623529412,0.472,0.4960784314,0.426,0.1521568627,0.1284313725,4.094117647,0.2917647059,0.4329411765,0.896,0.5643137255,0.6109803922,0.6847058824,0.1219607843,0.8676470588,0.8329411765,-0.1768127,-0.09619573,7.13276,03_OPT/00/NSGA1_000/DES_00107,1
0.8292156863,0.494,0.4823529412,0.486,0.1364705882,0.1354901961,3.435294118,0.5364705882,0.3388235294,0.896,0.5745098039,0.5998039216,0.6482352941,0.1066666667,0.8803921569,0.8335294118,-0.1245843,-0.2046208,7.13686,03_OPT/00/NSGA1_000/DES_00108,1
0.8801960784,0.446,0.3725490196,0.476,0.1537254902,0.1343137255,5.576470588,0.5709803922,0.4211764706,0.9002352941,0.5776470588,0.5811764706,0.6141176471,0.1007843137,0.8725490196,0.83,-0.1322172,-0.3693502,7.07475,03_OPT/00/NSGA1_000/DES_00109,1
0.8725490196,0.436,0.3980392157,0.45,0.1741176471,0.1398039216,0.8,0.5521568627,0.4705882353,0.9152941176,0.5501960784,0.5550980392,0.5823529412,0.1019607843,0.8754901961,0.8394117647,0.3198212,-0.1631749,7.15023,03_OPT/00/NSGA1_000/DES_00110,1
0.7501960784,0.5,0.4098039216,0.476,0.1145098039,0.1350980392,-1.835294118,0.5584313725,0.4,0.9044705882,0.557254902,0.5476470588,0.6894117647,0.1,0.8990196078,0.8147058824,-0.1792569,-0.2756967,6.99611,03_OPT/00/NSGA1_000/DES_00111,1
0.8801960784,0.446,0.4490196078,0.428,0.2431372549,0.1205882353,0.4705882353,0.577254902,0.4376470588,0.9011764706,0.5250980392,0.7115686275,0.6835294118,0.1066666667,0.8617647059,0.8282352941,-0.6067273,-0.3620209,7.10107,03_OPT/00/NSGA1_000/DES_00112,1
0.7807843137,0.49,0.468627451,0.496,0.1537254902,0.1354901961,-1.176470588,0.6588235294,0.4047058824,0.9002352941,0.5517647059,0.6445098039,0.6164705882,0.1098039216,0.8970588235,0.8170588235,-0.1150332,-0.4480429,7.06371,03_OPT/00/NSGA1_000/DES_00113,1
0.9439215686,0.502,0.3862745098,0.446,0.1568627451,0.1252941176,3.105882353,0.4643137255,0.2894117647,0.8884705882,0.5384313725,0.5923529412,0.7023529412,0.1078431373,0.8960784314,0.7976470588,-0.4581849,-0.3923996,6.88011,03_OPT/00/NSGA1_000/DES_00114,1
0.8190196078,0.434,0.4843137255,0.4,0.2352941176,0.1370588235,9.858823529,0.5270588235,0.4917647059,0.9110588235,0.5541176471,0.5439215686,0.6305882353,0.111372549,0.9009803922,0.8047058824,-0.1425031,-0.3083358,6.94221,03_OPT/00/NSGA1_000/DES_00115,1
0.8419607843,0.5,0.431372549,0.502,0.1756862745,0.1362745098,3.764705882,0.6023529412,0.4517647059,0.9016470588,0.5752941176,0.5550980392,0.6576470588,0.1094117647,0.8774509804,0.81,-0.1871243,-0.2394494,6.92407,03_OPT/00/NSGA1_000/DES_00116,1
0.7884313725,0.442,0.4764705882,0.452,0.1584313725,0.1398039216,5.247058824,0.4423529412,0.2705882353,0.8950588235,0.5470588235,0.6519607843,0.6517647059,0.1098039216,0.8823529412,0.8188235294,-0.2745935,-0.4154017,7.0455,03_OPT/00/NSGA1_000/DES_00117,1
0.74,0.396,0.437254902,0.426,0.1803921569,0.1362745098,3.270588235,0.4266666667,0.4070588235,0.9162352941,0.5588235294,0.6258823529,0.6294117647,0.1066666667,0.9029411765,0.8194117647,-0.1375773,-0.383409,7.08586,03_OPT/00/NSGA1_000/DES_00118,1
0.9184313725,0.474,0.468627451,0.42,0.2180392157,0.1162745098,9.858823529,0.6243137255,0.4211764706,0.9162352941,0.5752941176,0.5550980392,0.6635294118,0.1,0.8382352941,0.8147058824,-0.6856805,-0.5573379,6.88446,03_OPT/00/NSGA1_000/DES_00119,1
0.7603921569,0.476,0.4392156863,0.496,0.1176470588,0.1362745098,-2.823529412,0.48,0.3976470588,0.928,0.5525490196,0.57,0.6047058824,0.1003921569,0.8715686275,0.84,0.08901249,-0.3851764,7.15079,03_OPT/00/NSGA1_000/DES_00120,1
0.7935294118,0.508,0.4647058824,0.412,0.1364705882,0.1382352941,1.458823529,0.4454901961,0.4305882353,0.88,0.5431372549,0.551372549,0.6505882353,0.1031372549,0.8568627451,0.8276470588,-0.09423591,-0.2835706,7.01773,03_OPT/00/NSGA1_000/DES_00121,1
0.9770588235,0.46,0.4666666667,0.44,0.2007843137,0.1225490196,8.047058824,0.5552941176,0.4635294118,0.8922352941,0.5964705882,0.6743137255,0.6317647059,0.1058823529,0.8892156863,0.8211764706,-0.3842054,-0.501171,7.08218,03_OPT/00/NSGA1_000/DES_00122,1
0.7807843137,0.462,0.4941176471,0.492,0.1898039216,0.1315686275,4.588235294,0.5803921569,0.4023529412,0.8823529412,0.5603921569,0.6445098039,0.6152941176,0.1082352941,0.8843137255,0.86,0.08923803,-0.02512278,7.38369,03_OPT/00/NSGA1_000/DES_00123,1
0.8674509804,0.472,0.3843137255,0.472,0.1349019608,0.1217647059,1.952941176,0.4988235294,0.4211764706,0.9011764706,0.5752941176,0.6519607843,0.6482352941,0.1023529412,0.868627451,0.7929411765,-0.3802548,-0.5320353,6.79286,03_OPT/00/NSGA1_000/DES_00124,1
0.7731372549,0.448,0.462745098,0.506,0.1709803922,0.1307843137,7.717647059,0.382745098,0.3929411765,0.9021176471,0.5525490196,0.4545098039,0.7117647059,0.1074509804,0.8676470588,0.8223529412,-0.528575,-0.4230582,6.96225,03_OPT/00/NSGA1_000/DES_00125,1
0.8292156863,0.47,0.3921568627,0.49,0.1850980392,0.1331372549,4.094117647,0.5835294118,0.4870588235,0.9181176471,0.5517647059,0.7264705882,0.5905882353,0.1254901961,0.8745098039,0.8147058824,-0.01405905,-0.2268663,7.04828,03_OPT/00/NSGA1_000/DES_00126,1
0.882745098,0.434,0.3941176471,0.506,0.2039215686,0.1319607843,1.952941176,0.6274509804,0.4,0.9129411765,0.5643137255,0.741372549,0.6670588235,0.1105882353,0.8539215686,0.8447058824,-0.1777537,-0.1024058,7.24129,03_OPT/00/NSGA1_000/DES_00127,1
0.7858823529,0.478,0.4098039216,0.46,0.1239215686,0.1331372549,6.4,0.5270588235,0.4917647059,0.8818823529,0.5447058824,0.5998039216,0.6094117647,0.1078431373,0.9058823529,0.8335294118,0.2309941,-0.09652219,7.20356,03_OPT/00/NSGA1_000/DES_00128,1
0.8292156863,0.478,0.3882352941,0.448,0.1537254902,0.1319607843,2.117647059,0.6180392157,0.4588235294,0.896,0.5439215686,0.4880392157,0.6294117647,0.1152941176,0.8441176471,0.8358823529,-0.1556059,-0.2613614,7.06555,03_OPT/00/NSGA1_000/DES_00129,1
0.727254902,0.472,0.4274509804,0.45,0.2368627451,0.1260784314,5.576470588,0.5239215686,0.4235294118,0.8950588235,0.5392156863,0.4880392157,0.6376470588,0.1023529412,0.887254902,0.8258823529,-0.5047311,-0.5571814,7.04025,03_OPT/00/NSGA1_000/DES_00130,1
0.8037254902,0.454,0.4725490196,0.422,0.16,0.1139215686,5.247058824,0.5741176471,0.3388235294,0.8865882353,0.5423529412,0.4470588235,0.6341176471,0.1160784314,0.8921568627,0.8247058824,-0.5693879,-0.5338119,7.05723,03_OPT/00/NSGA1_000/DES_00131,1
0.8674509804,0.438,0.4549019608,0.414,0.1992156863,0.121372549,8.211764706,0.4705882353,0.4447058824,0.8898823529,0.5745098039,0.7711764706,0.6423529412,0.1007843137,0.868627451,0.8582352941,-0.2371996,-0.2025209,7.37854,03_OPT/00/NSGA1_000/DES_00132,1
0.8954901961,0.432,0.4823529412,0.372,0.128627451,0.127254902,8.870588235,0.542745098,0.4329411765,0.8974117647,0.602745098,0.5662745098,0.6341176471,0.1223529412,0.8647058824,0.8111764706,-0.3438856,-0.3812805,6.93087,03_OPT/00/NSGA1_000/DES_00133,1
0.7578431373,0.476,0.4764705882,0.508,0.1882352941,0.1370588235,6.235294118,0.6462745098,0.4517647059,0.9091764706,0.5415686275,0.6519607843,0.6176470588,0.1047058824,0.8823529412,0.8164705882,-0.1139904,-0.3112275,7.01779,03_OPT/00/NSGA1_000/DES_00134,1
0.8241176471,0.438,0.4156862745,0.32,0.1145098039,0.1221568627,1.129411765,0.4643137255,0.4141176471,0.9072941176,0.562745098,0.6445098039,0.6329411765,0.1125490196,0.9098039216,0.8376470588,-0.1891572,-0.3223888,7.27279,03_OPT/00/NSGA1_000/DES_00135,1
0.8062745098,0.458,0.4568627451,0.484,0.1176470588,0.127254902,1.458823529,0.6274509804,0.4517647059,0.9204705882,0.5690196078,0.6221568627,0.6447058824,0.1050980392,0.8911764706,0.81,-0.1860849,-0.2754676,6.97442,03_OPT/00/NSGA1_000/DES_00136,1
0.87,0.466,0.4647058824,0.432,0.128627451,0.1166666667,6.070588235,0.6337254902,0.4070588235,0.8988235294,0.548627451,0.6705882353,0.6847058824,0.111372549,0.9009803922,0.8147058824,-0.5437871,-0.3839265,7.06649,03_OPT/00/NSGA1_000/DES_00137,1
0.8623529412,0.508,0.4431372549,0.404,0.2274509804,0.1268627451,4.258823529,0.5270588235,0.3717647059,0.8969411765,0.5447058824,0.5737254902,0.6447058824,0.102745098,0.8431372549,0.8088235294,-0.5179991,-0.5893349,6.84789,03_OPT/00/NSGA1_000/DES_00138,1
0.9311764706,0.488,0.4450980392,0.456,0.1396078431,0.1441176471,7.717647059,0.6211764706,0.4752941176,0.9049411765,0.5831372549,0.6184313725,0.6282352941,0.1062745098,0.9284313725,0.81,0.4637117,0.1475059,7.08101,03_OPT/00/NSGA1_000/DES_00139,1
0.8292156863,0.448,0.4411764706,0.392,0.09568627451,0.1158823529,9.529411765,0.5239215686,0.4447058824,0.9181176471,0.5478431373,0.7376470588,0.6929411765,0.1039215686,0.8598039216,0.8223529412,-0.5454829,-0.3636034,7.05681,03_OPT/00/NSGA1_000/DES_00140,1
0.8929411765,0.438,0.4549019608,0.486,0.1992156863,0.138627451,2.611764706,0.4141176471,0.3905882353,0.9011764706,0.5784313725,0.6966666667,0.6247058824,0.1164705882,0.8480392157,0.82,-0.1852074,-0.3353382,7.01558,03_OPT/00/NSGA1_000/DES_00141,1
0.8878431373,0.488,0.4549019608,0.374,0.1992156863,0.1284313725,3.435294118,0.7090196078,0.4447058824,0.9054117647,0.5376470588,0.6296078431,0.6282352941,0.1192156863,0.9,0.8311764706,-0.1523174,-0.2191181,7.20105,03_OPT/00/NSGA1_000/DES_00142,1
0.8266666667,0.46,0.4705882353,0.406,0.2149019608,0.1264705882,7.058823529,0.4737254902,0.4235294118,0.8927058824,0.5603921569,0.4582352941,0.7105882353,0.1007843137,0.8980392157,0.84,-0.4664303,-0.2315119,7.17133,03_OPT/00/NSGA1_000/DES_00143,1
0.8750980392,0.36,0.4254901961,0.434,0.1835294118,0.1249019608,9.035294118,0.6964705882,0.4117647059,0.9035294118,0.5580392157,0.4433333333,0.6270588235,0.1074509804,0.8784313725,0.8094117647,-0.4015181,-0.5293577,6.87523,03_OPT/00/NSGA1_000/DES_00144,1
0.8088235294,0.462,0.4235294118,0.478,0.1631372549,0.1488235294,5.905882353,0.6180392157,0.3223529412,0.9007058824,0.5196078431,0.57,0.6658823529,0.1082352941,0.8588235294,0.8123529412,-0.1968759,-0.3336419,6.90843,03_OPT/00/NSGA1_000/DES_00145,1
0.8980392157,0.414,0.4784313725,0.378,0.1521568627,0.1311764706,8.047058824,0.5678431373,0.4564705882,0.9138823529,0.5643137255,0.5849019608,0.6494117647,0.1054901961,0.9058823529,0.8117647059,-0.1231703,-0.2690682,7.01503,03_OPT/00/NSGA1_000/DES_00146,1
0.7807843137,0.492,0.4960784314,0.458,0.1898039216,0.1280392157,9.529411765,0.6588235294,0.4423529412,0.8955294118,0.5376470588,0.7488235294,0.6305882353,0.1168627451,0.8843137255,0.8582352941,0.07622067,0.09889961,7.42123,03_OPT/00/NSGA1_000/DES_00147,1
0.8343137255,0.438,0.4294117647,0.4,0.2070588235,0.1354901961,2.117647059,0.5929411765,0.3788235294,0.9054117647,0.5392156863,0.5476470588,0.6082352941,0.1231372549,0.9411764706,0.8352941176,0.04601678,-0.1837759,7.36777,03_OPT/00/NSGA1_000/DES_00148,1
0.8368627451,0.494,0.4235294118,0.488,0.1396078431,0.1456862745,0.6352941176,0.5176470588,0.3341176471,0.8945882353,0.5509803922,0.7003921569,0.6529411765,0.1039215686,0.8441176471,0.8423529412,0.06596493,-0.1201787,7.18216,03_OPT/00/NSGA1_000/DES_00149,1
0.9107843137,0.48,0.3862745098,0.488,0.191372549,0.1319607843,-0.8470588235,0.5898039216,0.4376470588,0.8922352941,0.557254902,0.551372549,0.6976470588,0.1003921569,0.8980392157,0.8423529412,-0.1074143,-0.03156039,7.22321,03_OPT/00/NSGA1_000/DES_00150,1
0.9541176471,0.482,0.4725490196,0.462,0.2321568627,0.1256862745,6.894117647,0.6525490196,0.4329411765,0.8818823529,0.5423529412,0.5923529412,0.6141176471,0.1043137255,0.8578431373,0.8035294118,-0.4668042,-0.6185515,6.83762,03_OPT/00/NSGA1_000/DES_00151,1
0.9209803922,0.456,0.4235294118,0.408,0.1992156863,0.1119607843,-2.494117647,0.5584313725,0.4376470588,0.9030588235,0.5517647059,0.7339215686,0.62,0.1035294118,0.8931372549,0.8211764706,-0.5266325,-0.5587983,7.10915,03_OPT/00/NSGA1_000/DES_00152,1
0.8598039216,0.47,0.4,0.498,0.1725490196,0.13,3.6,0.5741176471,0.4588235294,0.9152941176,0.5525490196,0.7003921569,0.6752941176,0.1098039216,0.8470588235,0.7941176471,-0.4223678,-0.3961749,6.79456,03_OPT/00/NSGA1_000/DES_00153,1
0.8394117647,0.494,0.4529411765,0.486,0.1364705882,0.1354901961,3.435294118,0.5521568627,0.3388235294,0.896,0.5745098039,0.5998039216,0.6482352941,0.1066666667,0.8803921569,0.8288235294,-0.1766756,-0.3167947,7.09809,03_OPT/00/NSGA1_000/DES_00154,1
0.9464705882,0.49,0.3803921569,0.484,0.1098039216,0.132745098,4.258823529,0.5835294118,0.4635294118,0.9223529412,0.5298039216,0.6445098039,0.7305882353,0.1125490196,0.8392156863,0.8111764706,-0.24992,-0.05676324,6.90155,03_OPT/00/NSGA1_000/DES_00155,1
0.9235294118,0.444,0.4784313725,0.494,0.1364705882,0.1252941176,3.6,0.5521568627,0.4752941176,0.9110588235,0.5705882353,0.6035294118,0.7364705882,0.1101960784,0.9019607843,0.8164705882,-0.2270488,0.03063868,7.05874,03_OPT/00/NSGA1_000/DES_00156,1
0.8980392157,0.422,0.4019607843,0.484,0.1176470588,0.1201960784,3.435294118,0.351372549,0.3952941176,0.9011764706,0.5815686275,0.7749019608,0.6541176471,0.1098039216,0.8823529412,0.7941176471,-0.4089816,-0.5138806,6.89027,03_OPT/00/NSGA1_000/DES_00157,1
0.8725490196,0.458,0.468627451,0.436,0.2258823529,0.1092156863,5.905882353,0.511372549,0.4070588235,0.9171764706,0.5894117647,0.5178431373,0.6823529412,0.1058823529,0.8441176471,0.7888235294,-0.6092376,-0.4985933,6.66444,03_OPT/00/NSGA1_000/DES_00158,1
0.9235294118,0.482,0.3803921569,0.464,0.16,0.1350980392,5.576470588,0.3984313725,0.3905882353,0.896,0.5815686275,0.4582352941,0.6952941176,0.1066666667,0.8931372549,0.7841176471,-0.2723131,-0.3770292,6.71106,03_OPT/00/NSGA1_000/DES_00159,1
0.8980392157,0.37,0.431372549,0.416,0.1945098039,0.1362745098,7.882352941,0.6588235294,0.3505882353,0.9576470588,0.5729411765,0.6705882353,0.6376470588,0.1007843137,0.8598039216,0.7876470588,-0.3459797,-0.5782528,6.73875,03_OPT/00/NSGA1_000/DES_00160,1
0.928627451,0.49,0.4392156863,0.454,0.1866666667,0.1252941176,6.070588235,0.5741176471,0.3976470588,0.9134117647,0.5729411765,0.5774509804,0.7023529412,0.1054901961,0.8647058824,0.8282352941,-0.530179,-0.2971248,7.05007,03_OPT/00/NSGA1_000/DES_00161,1
0.8725490196,0.412,0.3098039216,0.434,0.1741176471,0.1260784314,1.458823529,0.511372549,0.4635294118,0.9247058824,0.5690196078,0.7041176471,0.5847058824,0.1137254902,0.8568627451,0.7894117647,-0.3012171,-0.5922197,6.77975,03_OPT/00/NSGA1_000/DES_00163,1
0.9311764706,0.462,0.431372549,0.416,0.1803921569,0.1292156863,3.270588235,0.5678431373,0.4447058824,0.9134117647,0.628627451,0.6184313725,0.6823529412,0.1074509804,0.8284313725,0.8147058824,-0.4240849,-0.3804696,6.89955,03_OPT/00/NSGA1_000/DES_00164,1
0.8623529412,0.444,0.2901960784,0.49,0.1458823529,0.1241176471,5.247058824,0.5678431373,0.4517647059,0.8964705882,0.6090196078,0.607254902,0.6282352941,0.1015686275,0.8362745098,0.7947058824,-0.3891044,-0.5487899,6.73316,03_OPT/00/NSGA1_000/DES_00165,1
0.9362745098,0.462,0.4921568627,0.37,0.2258823529,0.1068627451,7.717647059,0.4705882353,0.3670588235,0.9082352941,0.611372549,0.607254902,0.6658823529,0.108627451,0.8666666667,0.8094117647,-0.7911891,-0.5507276,6.9152,03_OPT/00/NSGA1_000/DES_00166,1
0.8750980392,0.45,0.4117647059,0.322,0.2698039216,0.08411764706,7.552941176,0.6368627451,0.44,0.9265882353,0.5478431373,0.5774509804,0.6305882353,0.1054901961,0.8735294118,0.8129411765,-0.8611539,-0.6080008,6.94172,03_OPT/00/NSGA1_000/DES_00167,1
0.9158823529,0.392,0.4647058824,0.5,0.1615686275,0.1205882353,3.6,0.4643137255,0.4776470588,0.92,0.5925490196,0.5811764706,0.7,0.1011764706,0.8598039216,0.7917647059,-0.5076572,-0.432794,6.73535,03_OPT/00/NSGA1_000/DES_00168,1
0.8394117647,0.48,0.368627451,0.428,0.1631372549,0.1154901961,11.50588235,0.5019607843,0.4682352941,0.9214117647,0.5674509804,0.4582352941,0.6623529412,0.1019607843,0.8323529412,0.8005882353,-0.5859932,-0.5493578,6.75436,03_OPT/00/NSGA1_000/DES_00169,1
0.9184313725,0.4,0.4058823529,0.432,0.2211764706,0.1209803922,6.235294118,0.6054901961,0.5035294118,0.9242352941,0.5580392157,0.6445098039,0.6376470588,0.1149019608,0.8137254902,0.8194117647,-0.4591823,-0.4266664,6.93823,03_OPT/00/NSGA1_000/DES_00170,1
0.9158823529,0.442,0.4803921569,0.314,0.2462745098,0.11,4.094117647,0.7466666667,0.36,0.9035294118,0.5752941176,0.3650980392,0.6505882353,0.1047058824,0.8215686275,0.83,-0.6913115,-0.5685808,6.99769,03_OPT/00/NSGA1_000/DES_00171,1
0.8776470588,0.43,0.4254901961,0.394,0.1662745098,0.1162745098,8.870588235,0.6807843137,0.5647058824,0.9185882353,0.5666666667,0.4992156863,0.6847058824,0.1262745098,0.8274509804,0.8176470588,-0.4453416,-0.173949,6.90686,03_OPT/00/NSGA1_000/DES_00172,1
0.9541176471,0.49,0.4470588235,0.394,0.2101960784,0.1288235294,4.258823529,0.4988235294,0.4611764706,0.9176470588,0.5737254902,0.5252941176,0.7164705882,0.102745098,0.8362745098,0.8105882353,-0.5497577,-0.4360169,6.84664,03_OPT/00/NSGA1_000/DES_00173,1
0.9031372549,0.446,0.3745098039,0.392,0.128627451,0.1194117647,2.941176471,0.4737254902,0.4423529412,0.9016470588,0.5698039216,0.588627451,0.6541176471,0.1047058824,0.8882352941,0.8052941176,-0.4059549,-0.5117101,6.91552,03_OPT/00/NSGA1_000/DES_00174,1
0.7935294118,0.384,0.4039215686,0.462,0.2635294118,0.1123529412,9.035294118,0.6807843137,0.3882352941,0.9181176471,0.5752941176,0.6035294118,0.6694117647,0.1105882353,0.8156862745,0.8105882353,-0.774499,-0.5174577,6.8498,03_OPT/00/NSGA1_000/DES_00175,1
0.9184313725,0.49,0.3784313725,0.454,0.1098039216,0.1135294118,-1.670588235,0.5019607843,0.3435294118,0.9016470588,0.5556862745,0.6370588235,0.6258823529,0.1043137255,0.8794117647,0.7817647059,-0.2472811,-0.490316,6.72061,03_OPT/00/NSGA1_000/DES_00176,1
0.8674509804,0.416,0.3490196078,0.47,0.111372549,0.1162745098,-0.6823529412,0.4705882353,0.3952941176,0.9030588235,0.5541176471,0.5141176471,0.6847058824,0.1,0.8862745098,0.7911764706,-0.391876,-0.4577518,6.75803,03_OPT/00/NSGA1_000/DES_00177,1
0.941372549,0.452,0.4784313725,0.392,0.1411764706,0.1088235294,8.705882353,0.6274509804,0.4564705882,0.9143529412,0.5454901961,0.5662745098,0.7094117647,0.1066666667,0.8098039216,0.8058823529,-0.6779197,-0.4388531,6.8045,03_OPT/00/NSGA1_000/DES_00178,1
0.8852941176,0.478,0.4960784314,0.484,0.2023529412,0.1166666667,8.211764706,0.7905882353,0.3858823529,0.9091764706,0.5658823529,0.5811764706,0.68,0.1156862745,0.8647058824,0.8188235294,-0.6577857,-0.3327949,6.98883,03_OPT/00/NSGA1_000/DES_00179,1
0.7909803922,0.478,0.4431372549,0.43,0.2243137255,0.1229411765,6.235294118,0.6462745098,0.4682352941,0.9261176471,0.5925490196,0.417254902,0.6670588235,0.1188235294,0.8539215686,0.7917647059,-0.5467001,-0.4491648,6.68412,03_OPT/00/NSGA1_000/DES_00180,1
0.9770588235,0.476,0.4882352941,0.432,0.2352941176,0.1292156863,6.729411765,0.64,0.4588235294,0.9101176471,0.5549019608,0.5364705882,0.7,0.1019607843,0.8382352941,0.8170588235,-0.5463847,-0.4529064,6.90355,03_OPT/00/NSGA1_000/DES_00181,1
0.752745098,0.446,0.3588235294,0.434,0.1301960784,0.1307843137,4.588235294,0.6023529412,0.4376470588,0.8912941176,0.562745098,0.8196078431,0.6635294118,0.1070588235,0.8666666667,0.7870588235,-0.3264894,-0.4318409,6.8177,03_OPT/00/NSGA1_000/DES_00182,1
0.8776470588,0.408,0.4431372549,0.468,0.1709803922,0.1315686275,1.129411765,0.4705882353,0.3552941176,0.9044705882,0.6254901961,0.6221568627,0.5811764706,0.1015686275,0.8352941176,0.7829411765,-0.1979901,-0.6027252,6.64061,03_OPT/00/NSGA1_000/DES_00183,1
0.9082352941,0.496,0.4921568627,0.412,0.288627451,0.09980392157,8.705882353,0.4705882353,0.3364705882,0.9251764706,0.5705882353,0.4135294118,0.6811764706,0.1137254902,0.8196078431,0.7858823529,-0.5161016,-0.3129586,6.62325,03_OPT/00/NSGA1_000/DES_00184,1
0.928627451,0.454,0.4176470588,0.468,0.1835294118,0.121372549,10.68235294,0.6149019608,0.4494117647,0.9101176471,0.5549019608,0.3725490196,0.6670588235,0.1105882353,0.818627451,0.8070588235,-0.5467876,-0.4779806,6.80105,03_OPT/00/NSGA1_000/DES_00185,1
0.8470588235,0.498,0.2745098039,0.466,0.1019607843,0.1347058824,7.223529412,0.4580392157,0.3647058824,0.8837647059,0.5666666667,0.6333333333,0.6976470588,0.1023529412,0.8725490196,0.7970588235,-0.3191769,-0.4017026,6.82677,03_OPT/00/NSGA1_000/DES_00186,1
0.9235294118,0.416,0.437254902,0.41,0.2117647059,0.1201960784,4.094117647,0.5647058824,0.3223529412,0.9317647059,0.571372549,0.4284313725,0.66,0.1090196078,0.8274509804,0.7994117647,-0.4587258,-0.4755413,6.74183,03_OPT/00/NSGA1_000/DES_00187,1
0.8903921569,0.404,0.4,0.458,0.1019607843,0.1201960784,2.941176471,0.5082352941,0.4564705882,0.8964705882,0.5980392157,0.5998039216,0.6364705882,0.1192156863,0.8225490196,0.8035294118,-0.3895785,-0.4615986,6.80228,03_OPT/00/NSGA1_000/DES_00188,1
0.8954901961,0.398,0.4333333333,0.402,0.2368627451,0.1143137255,5.905882353,0.577254902,0.4376470588,0.9228235294,0.5470588235,0.5178431373,0.7047058824,0.1031372549,0.818627451,0.8035294118,-0.6933158,-0.5041345,6.78152,03_OPT/00/NSGA1_000/DES_00189,1
0.8445098039,0.5,0.3176470588,0.466,0.0831372549,0.1107843137,4.094117647,0.5239215686,0.4423529412,0.8847058824,0.5658823529,0.5476470588,0.6247058824,0.1035294118,0.8862745098,0.8082352941,-0.450746,-0.6130323,6.91727,03_OPT/00/NSGA1_000/DES_00190,1
0.8776470588,0.478,0.4039215686,0.458,0.0862745098,0.1260784314,0.9647058824,0.5458823529,0.3952941176,0.9096470588,0.557254902,0.7898039216,0.6576470588,0.1074509804,0.8568627451,0.8105882353,-0.3443726,-0.4077999,6.9819,03_OPT/00/NSGA1_000/DES_00191,1
0.9082352941,0.494,0.4921568627,0.352,0.2007843137,0.1335294118,9.2,0.6180392157,0.5294117647,0.9167058824,0.5549019608,0.3464705882,0.6305882353,0.1047058824,0.8745098039,0.8141176471,-0.1271982,-0.2876708,6.87435,03_OPT/00/NSGA1_000/DES_00192,1
0.8980392157,0.42,0.3921568627,0.424,0.1584313725,0.1143137255,6.070588235,0.4266666667,0.4141176471,0.8941176471,0.5580392157,0.7525490196,0.6047058824,0.1011764706,0.8901960784,0.8082352941,-0.4903995,-0.6703877,6.99998,03_OPT/00/NSGA1_000/DES_00193,1
0.9184313725,0.508,0.3941176471,0.45,0.1317647059,0.1076470588,4.423529412,0.542745098,0.4282352941,0.8974117647,0.5917647059,0.5849019608,0.6658823529,0.1094117647,0.8950980392,0.79,-0.5925898,-0.5169436,6.81553,03_OPT/00/NSGA1_000/DES_00194,1
0.9362745098,0.452,0.4725490196,0.462,0.1584313725,0.08921568627,6.729411765,0.7780392157,0.4658823529,0.9035294118,0.5564705882,0.5066666667,0.6623529412,0.1003921569,0.8774509804,0.8323529412,-0.9226788,-0.5819369,7.07477,03_OPT/00/NSGA1_000/DES_00195,1
0.9796078431,0.39,0.4568627451,0.42,0.2164705882,0.1194117647,9.694117647,0.5866666667,0.4447058824,0.9105882353,0.5870588235,0.4656862745,0.6529411765,0.1121568627,0.8490196078,0.8076470588,-0.5785647,-0.5233979,6.82121,03_OPT/00/NSGA1_000/DES_00196,1
0.9005882353,0.508,0.2921568627,0.422,0.2007843137,0.1205882353,0.4705882353,0.6305882353,0.4564705882,0.9138823529,0.6168627451,0.7376470588,0.6364705882,0.1133333333,0.8647058824,0.8023529412,-0.4683358,-0.5089899,6.91358,03_OPT/00/NSGA1_000/DES_00197,1
0.8929411765,0.506,0.431372549,0.446,0.1411764706,0.1276470588,1.952941176,0.7215686275,0.3317647059,0.9402352941,0.5494117647,0.6221568627,0.6764705882,0.1274509804,0.8607843137,0.8123529412,-0.3742646,-0.2884965,6.96209,03_OPT/00/NSGA1_000/DES_00198,1
0.8394117647,0.364,0.4529411765,0.45,0.1019607843,0.132745098,-8.917647059,0.3482352941,0.4470588235,0.9148235294,0.5745098039,0.5998039216,0.6670588235,0.1164705882,0.8460784314,0.8094117647,-0.2177997,-0.3998012,6.88425,03_OPT/00/NSGA1_000/DES_00199,1
0.9158823529,0.442,0.2901960784,0.458,0.1835294118,0.121372549,3.270588235,0.6901960784,0.4,0.9082352941,0.5737254902,0.6147058824,0.6552941176,0.1039215686,0.8656862745,0.8111764706,-0.5138601,-0.5197542,6.92394,03_OPT/00/NSGA1_000/DES_00200,1
0.8649019608,0.454,0.4156862745,0.484,0.1129411765,0.1162745098,3.435294118,0.6211764706,0.4023529412,0.9143529412,0.5807843137,0.7078431373,0.6141176471,0.1070588235,0.8441176471,0.7852941176,-0.3574077,-0.5398889,6.71737,03_OPT/00/NSGA1_000/DES_00201,1
0.9821568627,0.486,0.3529411765,0.394,0.2180392157,0.1084313725,5.411764706,0.671372549,0.3247058824,0.8974117647,0.5729411765,0.6854901961,0.6682352941,0.1219607843,0.8705882353,0.8282352941,-0.7733808,-0.4502759,7.1293,03_OPT/00/NSGA1_000/DES_00202,1
0.7654901961,0.34,0.3784313725,0.47,0.1050980392,0.1088235294,-0.5176470588,0.5145098039,0.3929411765,0.8927058824,0.5470588235,0.5923529412,0.6129411765,0.1039215686,0.8735294118,0.7847058824,-0.2749794,-0.5384518,6.71346,03_OPT/00/NSGA1_000/DES_00203,1
0.8598039216,0.41,0.3960784314,0.502,0.1631372549,0.112745098,4.258823529,0.6274509804,0.3529411765,0.9049411765,0.5509803922,0.7935294118,0.6717647059,0.1007843137,0.9401960784,0.8088235294,-0.6651216,-0.4820399,7.1402,03_OPT/00/NSGA1_000/DES_00204,1
0.8852941176,0.468,0.3862745098,0.382,0.2368627451,0.1182352941,2.117647059,0.5270588235,0.3929411765,0.9110588235,0.5941176471,0.7376470588,0.62,0.1105882353,0.8794117647,0.8,-0.5227233,-0.6162476,6.91917,03_OPT/00/NSGA1_000/DES_00205,1
0.8929411765,0.476,0.4078431373,0.484,0.09568627451,0.1335294118,8.211764706,0.5364705882,0.4564705882,0.8908235294,0.5784313725,0.5066666667,0.6552941176,0.1125490196,0.8823529412,0.7882352941,-0.1306323,-0.3065208,6.74539,03_OPT/00/NSGA1_000/DES_00206,1
0.9031372549,0.446,0.4490196078,0.428,0.2431372549,0.1182352941,0.4705882353,0.577254902,0.4376470588,0.9072941176,0.5250980392,0.6296078431,0.6835294118,0.1066666667,0.8617647059,0.8282352941,-0.6864229,-0.4751962,7.06721,03_OPT/00/NSGA1_000/DES_00207,1
0.7909803922,0.478,0.4431372549,0.424,0.2196078431,0.1229411765,6.235294118,0.6462745098,0.4682352941,0.9223529412,0.5925490196,0.417254902,0.6647058824,0.1188235294,0.8539215686,0.7917647059,-0.5491667,-0.4592853,6.68412,03_OPT/00/NSGA1_000/DES_00208,1
0.8062745098,0.454,0.4568627451,0.484,0.1176470588,0.1041176471,1.458823529,0.702745098,0.4541176471,0.9204705882,0.5690196078,0.6221568627,0.6447058824,0.1050980392,0.8911764706,0.81,-0.6236856,-0.5474047,6.97442,03_OPT/00/NSGA1_000/DES_00209,1
0.9745098039,0.478,0.3607843137,0.434,0.1866666667,0.13,10.35294118,0.3952941176,0.3788235294,0.9016470588,0.508627451,0.5849019608,0.6035294118,0.1050980392,0.8735294118,0.8011764706,-0.3350368,-0.6142091,6.84739,03_OPT/00/NSGA1_000/DES_00210,1
0.9235294118,0.444,0.4039215686,0.486,0.1458823529,0.1178431373,7.882352941,0.4298039216,0.2494117647,0.9091764706,0.5619607843,0.4694117647,0.7117647059,0.1305882353,0.8911764706,0.8123529412,-0.5245291,-0.2686995,6.99453,03_OPT/00/NSGA1_000/DES_00211,1
0.9566666667,0.452,0.3568627451,0.434,0.2023529412,0.1335294118,4.752941176,0.2666666667,0.3388235294,0.8969411765,0.5203921569,0.6333333333,0.6811764706,0.1062745098,0.9647058824,0.8088235294,-0.2952666,-0.3659674,7.20791,03_OPT/00/NSGA1_000/DES_00212,1
0.8139215686,0.456,0.4960784314,0.336,0.3152941176,0.1021568627,1.458823529,0.6337254902,0.4141176471,0.9058823529,0.5933333333,0.3278431373,0.6376470588,0.122745098,0.8294117647,0.7935294118,-0.5934986,-0.5112814,6.68661,03_OPT/00/NSGA1_000/DES_00213,1
0.8954901961,0.458,0.4980392157,0.468,0.1349019608,0.09509803922,9.529411765,0.7874509804,0.4235294118,0.8988235294,0.5368627451,0.4768627451,0.6588235294,0.1160784314,0.9068627451,0.8529411765,-0.8337373,-0.3906288,7.34578,03_OPT/00/NSGA1_000/DES_00214,1
0.7935294118,0.502,0.437254902,0.412,0.2180392157,0.1205882353,4.094117647,0.5992156863,0.4847058824,0.9289411765,0.6074509804,0.5178431373,0.6858823529,0.1250980392,0.868627451,0.7852941176,-0.5611844,-0.3853903,6.71495,03_OPT/00/NSGA1_000/DES_00215,1
0.8521568627,0.392,0.3333333333,0.438,0.1082352941,0.1037254902,10.68235294,0.4392156863,0.4494117647,0.8931764706,0.5784313725,0.5774509804,0.5882352941,0.1101960784,0.8715686275,0.8147058824,-0.5461435,-0.6786995,6.95952,03_OPT/00/NSGA1_000/DES_00216,1
0.6941176471,0.426,0.4450980392,0.442,0.2070588235,0.1241176471,11.01176471,0.6211764706,0.4823529412,0.9223529412,0.5870588235,0.2533333333,0.6223529412,0.1309803922,0.8117647059,0.7958823529,-0.4744689,-0.5128486,6.6975,03_OPT/00/NSGA1_000/DES_00217,1
0.9337254902,0.45,0.4254901961,0.496,0.2180392157,0.1225490196,6.564705882,0.351372549,0.3223529412,0.8908235294,0.548627451,0.57,0.7376470588,0.1066666667,0.8794117647,0.7894117647,-0.6141306,-0.3748493,6.76091,03_OPT/00/NSGA1_000/DES_00218,1
0.8750980392,0.488,0.4156862745,0.42,0.1239215686,0.1249019608,11.34117647,0.3858823529,0.2117647059,0.9002352941,0.5352941176,0.6147058824,0.7694117647,0.1082352941,0.9254901961,0.8188235294,-0.5420475,-0.1362494,7.14781,03_OPT/00/NSGA1_000/DES_00219,1
0.9898039216,0.412,0.4274509804,0.424,0.142745098,0.1311764706,0.1411764706,0.4266666667,0.2,0.8903529412,0.5643137255,0.4507843137,0.6882352941,0.1066666667,0.9333333333,0.7864705882,-0.1130097,-0.3131023,6.86262,03_OPT/00/NSGA1_000/DES_00220,1
0.8011764706,0.454,0.4098039216,0.378,0.2258823529,0.1182352941,5.905882353,0.7058823529,0.4352941176,0.9077647059,0.5478431373,0.7637254902,0.6247058824,0.1098039216,0.818627451,0.7958823529,-0.5544339,-0.569,6.79691,03_OPT/00/NSGA1_000/DES_00221,1
0.8343137255,0.486,0.4333333333,0.474,0.2196078431,0.1229411765,5.411764706,0.608627451,0.4729411765,0.9068235294,0.5909803922,0.4098039216,0.6823529412,0.1309803922,0.831372549,0.7835294118,-0.5499004,-0.4176869,6.60868,03_OPT/00/NSGA1_000/DES_00222,1
0.9770588235,0.414,0.4137254902,0.414,0.1176470588,0.09274509804,0.9647058824,0.7592156863,0.5176470588,0.9312941176,0.5549019608,0.4954901961,0.64,0.1117647059,0.8450980392,0.8464705882,-0.6763763,-0.4933158,7.15733,03_OPT/00/NSGA1_000/DES_00223,1
0.8623529412,0.358,0.437254902,0.482,0.2525490196,0.1158823529,7.552941176,0.6619607843,0.3741176471,0.9143529412,0.5909803922,0.4619607843,0.6329411765,0.1054901961,0.818627451,0.8129411765,-0.6332711,-0.5804935,6.85817,03_OPT/00/NSGA1_000/DES_00224,1
0.8750980392,0.476,0.4882352941,0.264,0.2556862745,0.09392156863,-0.6823529412,0.7247058824,0.2870588235,0.8988235294,0.6011764706,0.2496078431,0.6858823529,0.111372549,0.8303921569,0.8464705882,-0.7936373,-0.4039268,7.13459,03_OPT/00/NSGA1_000/DES_00225,1
0.8674509804,0.492,0.3529411765,0.384,0.2682352941,0.1307843137,9.035294118,0.4925490196,0.4258823529,0.8978823529,0.5392156863,0.3539215686,0.6658823529,0.1125490196,0.8480392157,0.8070588235,-0.5588966,-0.5439398,6.80813,03_OPT/00/NSGA1_000/DES_00226,1
0.9056862745,0.43,0.4647058824,0.41,0.1866666667,0.07235294118,4.258823529,0.6933333333,0.5058823529,0.9364705882,0.5376470588,0.4731372549,0.6917647059,0.1003921569,0.8715686275,0.8241176471,-0.9955432,-0.5341766,6.98144,03_OPT/00/NSGA1_000/DES_00227,1
0.8215686275,0.354,0.337254902,0.424,0.2870588235,0.0931372549,3.105882353,0.737254902,0.4635294118,0.9374117647,0.5705882353,0.4843137255,0.6247058824,0.1047058824,0.8382352941,0.8347058824,-0.8451456,-0.6469691,7.05212,03_OPT/00/NSGA1_000/DES_00228,1
0.8343137255,0.494,0.2843137255,0.476,0.06588235294,0.1268627451,6.235294118,0.5709803922,0.4047058824,0.8818823529,0.5462745098,0.5923529412,0.6529411765,0.1031372549,0.918627451,0.7982352941,-0.206168,-0.4309671,6.93851,03_OPT/00/NSGA1_000/DES_00229,1
0.9770588235,0.45,0.362745098,0.446,0.1176470588,0.1249019608,-0.02352941176,0.5364705882,0.2141176471,0.8894117647,0.5345098039,0.6817647059,0.6564705882,0.1247058824,0.9019607843,0.7988235294,-0.1827557,-0.3177734,6.96998,03_OPT/00/NSGA1_000/DES_00230,1
0.9949019608,0.442,0.3764705882,0.424,0.07058823529,0.1405882353,-0.5176470588,0.4109803922,0.3811764706,0.9072941176,0.5525490196,0.5290196078,0.6741176471,0.1105882353,0.8901960784,0.8335294118,0.2915247,0.03114835,7.14152,03_OPT/00/NSGA1_000/DES_00231,1
0.9005882353,0.49,0.4274509804,0.402,0.111372549,0.1182352941,2.117647059,0.4925490196,0.2776470588,0.8889411765,0.5666666667,0.7003921569,0.6835294118,0.1180392157,0.9009803922,0.8394117647,-0.4892768,-0.300259,7.29171,03_OPT/00/NSGA1_000/DES_00232,1
0.9668627451,0.49,0.4843137255,0.426,0.08470588235,0.1198039216,-1.011764706,0.5490196078,0.2658823529,0.8978823529,0.5117647059,0.6333333333,0.6658823529,0.1184313725,0.9176470588,0.8052941176,-0.2653254,-0.3387391,7.04138,03_OPT/00/NSGA1_000/DES_00233,1
0.7705882353,0.482,0.3980392157,0.426,0.2321568627,0.1323529412,0.3058823529,0.4894117647,0.3435294118,0.8950588235,0.5658823529,0.6221568627,0.6517647059,0.102745098,0.8598039216,0.7894117647,-0.3898027,-0.5280894,6.73533,03_OPT/00/NSGA1_000/DES_00234,1
0.8317647059,0.434,0.3705882353,0.41,0.2070588235,0.1225490196,6.4,0.6054901961,0.4164705882,0.9228235294,0.5917647059,0.4098039216,0.6317647059,0.111372549,0.8235294118,0.8235294118,-0.5651604,-0.6386684,6.94727,03_OPT/00/NSGA1_000/DES_00235,1
0.8878431373,0.426,0.3823529412,0.486,0.1615686275,0.1225490196,5.905882353,0.4737254902,0.3741176471,0.8823529412,0.5274509804,0.5215686275,0.6705882353,0.1074509804,0.9117647059,0.8052941176,-0.4835125,-0.4898343,6.96352,03_OPT/00/NSGA1_000/DES_00236,1
0.9515686275,0.5,0.3803921569,0.398,0.06745098039,0.1374509804,5.741176471,0.5490196078,0.2211764706,0.9002352941,0.5658823529,0.5625490196,0.7,0.1094117647,0.8882352941,0.8058823529,-0.1828459,-0.2711632,6.91947,03_OPT/00/NSGA1_000/DES_00237,1
0.7501960784,0.366,0.4607843137,0.47,0.2870588235,0.107254902,-0.8470588235,0.7058823529,0.3011764706,0.9284705882,0.5345098039,0.6817647059,0.6835294118,0.1031372549,0.8274509804,0.7970588235,-0.5406954,-0.3382121,6.77429,03_OPT/00/NSGA1_000/DES_00238,1
0.8470588235,0.414,0.4156862745,0.444,0.2525490196,0.1115686275,11.67058824,0.7905882353,0.3247058824,0.9218823529,0.5752941176,0.5774509804,0.6517647059,0.1219607843,0.8098039216,0.7994117647,-0.6230413,-0.4049448,6.75172,03_OPT/00/NSGA1_000/DES_00239,1
0.8215686275,0.46,0.3882352941,0.43,0.05647058824,0.1205882353,-5.623529412,0.5396078431,0.5576470588,0.8832941176,0.5807843137,0.4135294118,0.6082352941,0.1090196078,0.9401960784,0.8064705882,0.1545912,-0.318606,7.054,03_OPT/00/NSGA1_000/DES_00240,1
0.8037254902,0.448,0.4450980392,0.494,0.271372549,0.1201960784,8.211764706,0.7529411765,0.4,0.9204705882,0.5470588235,0.6892156863,0.6576470588,0.1094117647,0.8362745098,0.8282352941,-0.7515798,-0.5824662,7.05433,03_OPT/00/NSGA1_000/DES_00241,1
0.8496078431,0.446,0.4352941176,0.304,0.2666666667,0.1288235294,3.6,0.6650980392,0.4376470588,0.9261176471,0.6011764706,0.3054901961,0.6858823529,0.1415686275,0.8382352941,0.7829411765,-0.4972061,-0.3675643,6.60038,03_OPT/00/NSGA1_000/DES_00242,1
0.8547058824,0.486,0.3392156863,0.454,0.0831372549,0.1017647059,3.929411765,0.6023529412,0.4447058824,0.8865882353,0.5360784314,0.5290196078,0.6047058824,0.1023529412,0.912745098,0.8176470588,-0.5224558,-0.6517389,7.05829,03_OPT/00/NSGA1_000/DES_00243,1
0.9056862745,0.48,0.3431372549,0.436,0.2305882353,0.1343137255,5.411764706,0.4894117647,0.2423529412,0.9002352941,0.5141176471,0.5662745098,0.6517647059,0.1180392157,0.8901960784,0.7823529412,-0.2694029,-0.3931617,6.75121,03_OPT/00/NSGA1_000/DES_00244,1
0.9311764706,0.46,0.437254902,0.238,0.2258823529,0.1068627451,2.117647059,0.4768627451,0.3764705882,0.8988235294,0.5690196078,0.3054901961,0.6458823529,0.1003921569,0.8333333333,0.8311764706,-0.6439553,-0.6140616,7.00561,03_OPT/00/NSGA1_000/DES_00245,1
0.7833333333,0.496,0.2941176471,0.398,0.08,0.1021568627,6.235294118,0.5239215686,0.4447058824,0.8865882353,0.531372549,0.5811764706,0.6341176471,0.1094117647,0.9039215686,0.8011764706,-0.5479251,-0.5859724,6.92991,03_OPT/00/NSGA1_000/DES_00246,1
0.8725490196,0.426,0.4666666667,0.434,0.1270588235,0.09549019608,3.6,0.6933333333,0.4988235294,0.8931764706,0.5658823529,0.5811764706,0.6917647059,0.1035294118,0.8647058824,0.8470588235,-0.7812692,-0.4150479,7.20532,03_OPT/00/NSGA1_000/DES_00247,1
0.9464705882,0.508,0.4666666667,0.284,0.2776470588,0.09156862745,3.105882353,0.7968627451,0.4423529412,0.8941176471,0.5541176471,0.2719607843,0.6458823529,0.1007843137,0.8215686275,0.8535294118,-0.9097317,-0.6289289,7.19234,03_OPT/00/NSGA1_000/DES_00248,1
0.7858823529,0.45,0.4215686275,0.322,0.2698039216,0.1449019608,2.117647059,0.6807843137,0.4705882353,0.9444705882,0.571372549,0.4358823529,0.6564705882,0.1145098039,0.8352941176,0.7923529412,-0.3257926,-0.3790162,6.68459,03_OPT/00/NSGA1_000/DES_00249,1
0.87,0.394,0.3960784314,0.492,0.2807843137,0.121372549,6.729411765,0.5898039216,0.3858823529,0.9134117647,0.602745098,0.6966666667,0.6847058824,0.1149019608,0.8215686275,0.7911764706,-0.6986488,-0.4822691,6.73603,03_OPT/00/NSGA1_000/DES_00250,1
0.9694117647,0.456,0.2254901961,0.464,0.08156862745,0.1037254902,5.905882353,0.577254902,0.4847058824,0.8889411765,0.5815686275,0.5774509804,0.6105882353,0.1078431373,0.8931372549,0.7964705882,-0.4576761,-0.6145228,6.85747,03_OPT/00/NSGA1_000/DES_00251,1
0.8598039216,0.47,0.3156862745,0.468,0.08941176471,0.118627451,6.070588235,0.3984313725,0.4705882353,0.8945882353,0.58,0.4954901961,0.6364705882,0.1031372549,0.8950980392,0.82,-0.3252548,-0.4841792,7.01659,03_OPT/00/NSGA1_000/DES_00252,1
0.7807843137,0.4,0.4137254902,0.412,0.2039215686,0.1245098039,8.705882353,0.7152941176,0.4964705882,0.9228235294,0.5862745098,0.3874509804,0.6423529412,0.1058823529,0.8696078431,0.7976470588,-0.4174574,-0.4732096,6.73404,03_OPT/00/NSGA1_000/DES_00253,1
0.8776470588,0.44,0.4176470588,0.416,0.2729411765,0.121372549,-0.6823529412,0.4674509804,0.4541176471,0.9068235294,0.5321568627,0.5774509804,0.6364705882,0.1054901961,0.8843137255,0.8176470588,-0.5638183,-0.5514733,7.00467,03_OPT/00/NSGA1_000/DES_00254,1
0.9031372549,0.472,0.3529411765,0.454,0.16,0.1249019608,4.094117647,0.6180392157,0.4,0.8912941176,0.5580392157,0.4656862745,0.6235294118,0.1058823529,0.9196078431,0.8152941176,-0.2955561,-0.5163151,7.0509,03_OPT/00/NSGA1_000/DES_00255,1
0.8903921569,0.506,0.462745098,0.398,0.1882352941,0.1296078431,4.423529412,0.4737254902,0.4870588235,0.9011764706,0.5454901961,0.5960784314,0.66,0.108627451,0.8254901961,0.8076470588,-0.3999423,-0.4121443,6.82911,03_OPT/00/NSGA1_000/DES_00256,1
0.8776470588,0.43,0.4901960784,0.316,0.2494117647,0.09235294118,-0.02352941176,0.7466666667,0.4141176471,0.8988235294,0.58,0.4209803922,0.6517647059,0.1156862745,0.8392156863,0.8476470588,-0.9007909,-0.5555583,7.16121,03_OPT/00/NSGA1_000/DES_00257,1
0.9133333333,0.452,0.4725490196,0.396,0.1835294118,0.1131372549,8.870588235,0.5960784314,0.4376470588,0.9077647059,0.5980392157,0.4060784314,0.6741176471,0.1184313725,0.9166666667,0.7847058824,-0.5513732,-0.4528421,6.80766,03_OPT/00/NSGA1_000/DES_00258,1
0.8062745098,0.464,0.4431372549,0.47,0.2729411765,0.1343137255,11.34117647,0.6337254902,0.4141176471,0.9355294118,0.5776470588,0.3725490196,0.6552941176,0.1239215686,0.8745098039,0.7935294118,-0.4972452,-0.4085993,6.74086,03_OPT/00/NSGA1_000/DES_00259,1
