cand_id,source,in_batch20,_2_fwd_2_VERTICAL_0_PM_PV_zr_FP,_2_fwd_2_VERTICAL_1_STEM_PM_PV_zr_bulbNose,_2_fwd_2_VERTICAL_1_STEM_seg01_PV_sp_End,_2_fwd_2_VERTICAL_1_STEM_seg01_PV_sp_Start,_2_fwd_2_VERTICAL_1_STEM_seg02_PM_PV_ar_end,_2_fwd_2_VERTICAL_2_FRAME_seg01_PM_PV_zr_end,_2_fwd_2_VERTICAL_2_FRAME_seg02_PM_PV_zr_end,_2_fwd_3_GUIDEs_GUIDE_2_1_SplineSnap_4_SHIFTS_PV_u_02,_2_fwd_3_GUIDEs_GUIDE_2_1_SplineSnap_4_SHIFTS_PV_v_02,_2_fwd_3_GUIDEs_GUIDE_2_4_circleSnap_PV_ax_end,_2_fwd_3_GUIDEs_GUIDE_2_4_circleSnap_PV_sp,_2_fwd_3_GUIDEs_GUIDE_2_4_circleSnap_PV_t_angle,_2_fwd_3_GUIDEs_GUIDE_3_1_SplineSnap_4_SHIFTS_PV_t_02,_2_fwd_3_GUIDEs_GUIDE_3_1_SplineSnap_4_SHIFTS_PV_u_03,_2_fwd_3_GUIDEs_GUIDE_3_1_SplineSnap_4_SHIFTS_PV_v_03,_2_fwd_4_COLUs_col4_0_speed_r_2_PV_sp,RESISTANCE_ratio_AB_pred,RESISTANCE_ratio_AB_sd,FORCES_pred,FORCES_sd,WAVEHEIGHTS_pred,WAVEHEIGHTS_sd,ct_ffw_HP01_value_pred,trusted
vera_c01,fix123_k1_l1_tr,False,0.8424129651166649,0.8410255403133662,0.1050024401341095,0.6457625251531307,0.4212338461339852,0.575484006583143,0.9054247146740504,0.3526622927785958,0.7598050018475203,6.168453182275694,0.0576706613673041,0.3253233037709677,0.274068710246907,0.4410080072791065,0.4631449763635348,0.8901594141666762,96.74234771728516,0.2518390417098999,-1.001934051513672,0.2504422962665558,-0.4388984143733978,0.2572664320468902,7.139050006866455,True
vera_c02,fix123_k1_l1_tr,False,0.8413947226379682,0.8757017370535262,0.1050035092201443,0.6996338949747786,0.5512901575432229,0.5449226025831599,0.907082840121546,0.3878025908619066,0.7014568346414742,8.525861443613492,0.0590398221587917,0.2469385752954325,0.4334962308757984,0.4110461551705958,0.4534167536562836,0.8940700960703016,96.8012237548828,0.2456042766571045,-1.011130690574646,0.2540783286094665,-0.4443425238132477,0.2572734653949737,7.145448207855225,True
vera_c03,fix123_k1_l1_tr,False,0.7875268533507885,0.92157721698927,0.1051890227631659,0.6443297603206917,0.5451082765238241,0.5908011451559052,0.8905617104555544,0.2425656202554369,0.5601984615862529,1.7272563787404682,0.128751051058753,0.2322505539746343,0.3450695202598624,0.38655951749138,0.4222497596721943,0.86464689512167,97.2135238647461,0.2343864142894745,-0.4326403141021728,0.2244603633880615,-1.0933953523635864,0.2672354876995086,6.848828315734863,True
vera_c04,fix123_k1_l1_tr,False,0.7880250592174778,0.9107149614176152,0.1077212179039256,0.6581930475534568,0.3006344577697185,0.5669982898182635,0.8929399504224199,0.2471196384767785,0.4028043033329823,-6.712301232859134,0.1355454746096566,0.0961674491278449,0.4474348695358865,0.3526160514744756,0.4474507828221437,0.8815534686945286,97.35375213623048,0.2341937720775604,-0.0382470339536666,0.2246235162019729,-1.0933977365493774,0.2672384977340698,6.800827503204346,True
vera_c05,fix123_k1_l1_tr,True,0.8145370609193339,0.9128901854957576,0.105079526290493,0.6605045644558788,0.5270089689257651,0.5729205940684887,0.8876468242161157,0.3313389178306422,0.7564485268131292,6.10431504958912,0.0842662782863968,0.2179344869848185,0.3339487173772416,0.4384128137352703,0.4523801090666071,0.8958422097377758,96.85269927978516,0.2418783605098724,-0.91815847158432,0.235044315457344,-0.8759496808052063,0.2585698366165161,7.069673538208008,True
vera_c06,fix123_k1_l1_tr,False,0.8387035477168392,0.8602708205557016,0.1049989883025932,0.63222238546321,0.5925049485137794,0.5646252229053812,0.9087375578410144,0.4028253348504717,0.7163240073249445,6.943840911239713,0.0622566871226667,0.2991710648456353,0.2948395734522275,0.4284960585952573,0.4502646785378455,0.8812252545732875,96.76768493652344,0.24878790974617,-0.9912424683570862,0.2471179664134979,-0.4540402293205261,0.2572685778141022,7.133725166320801,True
vera_c07,fix123_k1_l1_tr,False,0.8449040923326603,0.8741001957113496,0.104997733353298,0.6478650643554859,0.663499981605736,0.551802751433259,0.9118306654929276,0.4456130744821107,0.7592296212833964,7.4230388049055875,0.0550008530299926,0.2340566881208861,0.3730873969936882,0.4132127187604127,0.4475209139128688,0.931292731453028,96.77809143066406,0.2477001696825027,-1.0113290548324585,0.2541610598564148,-0.4354159533977508,0.2572706043720245,7.210565090179443,True
vera_c08,fix123_k1_l1_tr,False,0.7875020241606977,0.8827233120468011,0.1049988172794313,0.6471303448973582,0.4270748215721429,0.5885522689336422,0.9086057712399856,0.2879975257963341,0.5707096000475207,9.229266231139718,0.0786071911507493,0.2616261511324074,0.3383089882495573,0.4063200772058823,0.4658400847479716,0.9068612256431672,96.83280181884766,0.2432224005460739,-0.775729238986969,0.2274423539638519,-0.932918667793274,0.259515643119812,6.712634086608887,True
vera_c09,fix123_k1_l1_tr,True,0.7967735944576928,0.914109201063978,0.1049947280653142,0.6304735791999274,0.6183437729524031,0.5713279350231403,0.8988659099381088,0.3303287702730596,0.5648353765722919,3.2368906204528667,0.0769422833586543,0.2320798765606923,0.3434992276561487,0.3521186192826278,0.4530274974478256,0.9065018709414576,96.83821105957033,0.242800086736679,-0.8777002692222595,0.2317779064178466,-0.9196391701698304,0.2592496275901794,6.9142279624938965,True
vera_c10,fix123_k1_l1_tr,True,0.8011640008919598,0.9362998956642008,0.104997850689581,0.6383854026475604,0.37075374019467,0.556367069760803,0.8861234379406733,0.3536723843875635,0.5607674969394644,9.425421443262508,0.0771390544561706,0.1107546229495555,0.3849716730867236,0.3237606949769375,0.4807411664372406,0.8832923708836999,96.86388397216795,0.24125736951828,-0.8572865128517151,0.2305668890476226,-1.0817445516586304,0.2661623060703277,6.965123653411865,True
vera_c11,fix123_k1_l1_tr,True,0.7963532077109934,0.9195200586706606,0.1051352479918273,0.6547208089204192,0.7011567918518081,0.5563164817586037,0.8940673096795386,0.3311254859337007,0.5981781709861174,3.2695187161888204,0.0693245049209167,0.1013072885868155,0.4499804826025364,0.3031459042498355,0.4841552958741837,0.8647972435920617,96.86140441894533,0.2413984984159469,-0.916084885597229,0.2348399013280868,-0.9447270035743712,0.2597697079181671,6.956466197967529,True
vera_c12,fix123_k1_l1_tr,True,0.8198456564409177,0.9437635138127848,0.1050161627036736,0.6982900801980612,0.4744462785073193,0.5530960061376026,0.8860040564042009,0.312183961569674,0.7452431193805142,4.740616873808139,0.0777555209523954,0.1454631295230024,0.4442279662667137,0.4389921926310893,0.4484063141407343,0.9027056398243036,96.879638671875,0.2404532879590988,-0.9517080187797546,0.2391287833452224,-0.9179973602294922,0.2592184841632843,7.156929969787598,True
vera_c13,fix123_k1_l1_tr,True,0.8108450637493284,0.9274395347643252,0.1049987427370858,0.6611854494822154,0.6380372552043221,0.5650047732544486,0.8859980595460474,0.4141013021590749,0.5867218868566211,9.485265419619504,0.067583515256812,0.111212978796031,0.4532820701347654,0.2994941321842017,0.4760928003469301,0.8867616931257573,96.85468292236328,0.2417811751365661,-0.9483146667480468,0.2386306524276733,-0.8996723890304565,0.2589036226272583,7.095669269561768,True
vera_c14,fix123_k1_l1_tr,True,0.8075339201707273,0.9150564884243532,0.1049964819050231,0.6255212814054211,0.5658043846681798,0.555062574910943,0.8860008690578907,0.3984703370724843,0.6244694965882713,0.6480793539986277,0.0684888098399685,0.1421529198780198,0.4095729326068143,0.2631890042392362,0.4845060938035939,0.8508242873348361,96.84269714355467,0.2425076067447662,-0.9135579466819764,0.234595701098442,-0.8822007775306702,0.2586496472358703,7.000550746917725,True
vera_c15,fix123_k1_l1_tr,True,0.8004631724677064,0.9481335544894448,0.1050035685316323,0.6354293559891798,0.5407933583271044,0.5629962558161066,0.8862495254974965,0.3724282473856201,0.5857182867527351,9.372458719402548,0.0742892789465364,0.1426091819198519,0.403347314683792,0.329393375619547,0.4837949976608161,0.8989208139235433,96.85338592529295,0.2418514043092727,-0.9107418656349182,0.234339565038681,-1.038299560546875,0.2631787359714508,7.0360846519470215,True
vera_c16,fix123_k1_l1_tr,True,0.7907946553376005,0.9301802544909896,0.1050018109553878,0.6256751825689125,0.4913273989814159,0.5679935531074748,0.8861732278789018,0.3691202766996946,0.5597506998021766,3.8353764383618896,0.0675854250992317,0.110081516657231,0.4080471011154116,0.2983737793928767,0.483596074645876,0.8869319205439686,96.8486328125,0.24213907122612,-0.879410982131958,0.2318898141384124,-1.051745057106018,0.263967752456665,6.891059398651123,True
vera_c17,fix123_k1_l1_tr,True,0.7877435502787128,0.9547865348646504,0.1050024864947679,0.6270510205233373,0.6215513622653451,0.5518275733487612,0.8859997554797516,0.3174308064287693,0.5876765892505439,8.5720827326702,0.0834367452537534,0.1618393941008033,0.4204726542543183,0.2980513524380613,0.4845024916891063,0.8370300133606507,96.8740463256836,0.2407317161560058,-0.874143660068512,0.2315521985292434,-1.0933860540390017,0.2672287225723266,6.954935073852539,True
vera_c18,fix123_k1_l1_tr,True,0.7934433825724623,0.9445621483187052,0.106926509393434,0.6744176882926364,0.5644273518981431,0.60270227980433,0.8859975673681911,0.3296481582863855,0.5869695220133312,9.817261696044326,0.0850135378574674,0.2157880667736569,0.4239129251388274,0.4390953293635762,0.4532828182017221,0.9350768697815554,96.8956527709961,0.2397230267524719,-0.9197227954864502,0.2352080792188644,-1.0301976203918457,0.2627573907375335,6.98607873916626,True
vera_c19,fix123_k1_l1_tr,True,0.7879392766604539,0.9616407512478106,0.1050138864025815,0.650261553198608,0.3971153199276486,0.5696548920432541,0.8860283792728054,0.3929849031403318,0.643695404082255,2.605767103118457,0.0896530253239297,0.1989364837271483,0.4318433449133681,0.3118941440440295,0.4688799101050914,0.862368004282301,96.9146728515625,0.2389529943466186,-0.8250208497047424,0.229061484336853,-1.093390941619873,0.2672316133975982,6.923620223999023,True
vera_c20,fix123_k1_l1_tr,True,0.7894615279194962,0.964894580424412,0.105000523930941,0.6398963492024061,0.4640934685245644,0.5640731056887552,0.890863747087391,0.3251914363196089,0.5866971272195176,9.664341114840267,0.0993152197108581,0.2327578539171505,0.4345172537640351,0.3814362528998957,0.4292447615444579,0.8841561976396168,96.93283081054688,0.2383090257644653,-0.8147059679031372,0.228663370013237,-1.093392252922058,0.2672331631183624,6.964405536651611,True
vera_c21,fix123_k1_l1_tr,False,0.7949802509362909,0.952401332828354,0.1051999773741662,0.6769228780728208,0.4785154289030643,0.5489106759790531,0.8860013583457044,0.2157780364160593,0.5692158622924925,2.5210208585714797,0.1009374713327236,0.2473299987593983,0.4411336380420762,0.358031577085221,0.437437526633499,0.8798237236224612,96.92974090576172,0.2384131848812103,-0.7932871580123901,0.2279422879219055,-1.093394756317139,0.2672352492809295,6.992791175842285,True
vera_c22,fix123_k1_l1_tr,False,0.8128771756088448,0.9168539921728618,0.1050348285553453,0.6610374329254458,0.4782115125644897,0.5454490916193684,0.9046989278095492,0.4178916025806952,0.745906256184914,8.242559948096904,0.0604813885866615,0.198851499390822,0.3805774322052292,0.406786355745162,0.4534354136386,0.918511562789536,96.8050308227539,0.2452654093503952,-0.9716490507125854,0.2425403594970703,-0.7482714056968689,0.2575828731060028,7.027053356170654,True
vera_c23,fix123_k1_l1_tr,True,0.8066531485098758,0.9675544804602666,0.105366835443622,0.6343189521075926,0.3849487293301651,0.5446617911226792,0.8860779231956342,0.3446812787607545,0.5073249788834637,6.184722540231575,0.0819749235413259,0.1745058580859488,0.4580036193085096,0.2944073333347372,0.461471548755957,0.8692647880317806,96.88899230957033,0.2400216311216354,-0.8871070146560669,0.232424259185791,-1.0593687295913696,0.2644634246826172,7.098451137542725,True
vera_c24,fix123_k1_l1_tr,True,0.8013706069880142,0.9380097640276054,0.1049986374218647,0.665731248161168,0.5100429766273057,0.5483545035360996,0.8860013620750198,0.3584196078505038,0.740086675842923,9.901803223095712,0.0804477770371439,0.1350475836271982,0.4288651447009468,0.3594828328934886,0.4778603985128768,0.8800636978070426,96.87458801269533,0.2407033145427703,-0.9117411375045776,0.2344310581684112,-1.0210784673690796,0.2623127996921539,7.012380599975586,True
vera_c25,fix123_k1_l1_tr,True,0.7910712104392739,0.9372808208947632,0.1049996897591789,0.6325389264374158,0.5908723576157422,0.5853852340321727,0.8860006580236526,0.3314889540706984,0.5373929045410446,7.4069332354241615,0.0861668530599044,0.1916175894353378,0.3871763134618019,0.3520964685150415,0.4648993244135109,0.9646709321045064,96.8828125,0.2403000891208648,-0.8771097660064697,0.2317400127649307,-1.0776311159133911,0.2658217847347259,6.941646575927734,True
vera_c26,fix123_k1_l1_tr,False,0.8338811144647865,0.8498127648395554,0.1050420291922845,0.6446950419464641,0.2793491978463991,0.5768598857336014,0.900919657649952,0.3751352060207619,0.6915157846676733,2.5666639426225313,0.0560186578561463,0.2771654231290547,0.2761590974100745,0.4418798226667582,0.4458931922636767,0.9102084169282784,96.75985717773438,0.2496780008077621,-0.9639684557914734,0.2410982251167297,-0.5252966284751892,0.2572499215602875,7.039163112640381,True
vera_c27,fix123_k1_l1_tr,False,0.8442050432017901,0.8481249168445487,0.1050133970054358,0.662959744157061,0.4340493087745686,0.5640662040063715,0.9081440068144336,0.4066978940210705,0.7549495137839582,-0.3962186524754633,0.0550018914939944,0.303915000264844,0.3029409779029534,0.4719478003930672,0.4456706449979884,0.8788872984464229,96.76424407958984,0.249157503247261,-1.0021250247955322,0.2505119740962982,-0.4072422981262207,0.2572788894176483,7.141074180603027,True
vera_c28,fix123_k1_l1_tr,True,0.8197387303633183,0.8649343347394869,0.1049961311893905,0.6464977820215588,0.3334696736352326,0.5750818550211905,0.8940760661894179,0.3061903117049332,0.6972882902442742,6.03752310436033,0.0702178588533465,0.2689350568794408,0.2353788664089918,0.421787421064494,0.4770340674568891,0.9189936868478604,96.77552032470705,0.2479263693094253,-0.9005704522132874,0.2334496080875396,-0.7970916628837585,0.2578380107879638,6.922992706298828,True
vera_c29,fix123_k1_l1_tr,False,0.8180405139469971,0.8762166424403696,0.1049990290380367,0.6395910917113307,0.5056761341388394,0.562849462653066,0.919878041564952,0.3864538329486114,0.7020764856451915,-0.4127392242986357,0.0653630351023647,0.2805169290484681,0.3141899306711505,0.4031065287209618,0.4290126335075463,0.8499121154873182,96.797119140625,0.2459284514188766,-0.9362955689430236,0.2370365858078003,-0.5642433166503906,0.2572638392448425,6.949304580688477,True
vera_c30,fix123_k1_l1_tr,True,0.8181598700009862,0.9307251074349684,0.1050001917342766,0.6978471904740464,0.3483556851848453,0.5562611038162643,0.886122160267767,0.3796008066566262,0.7599511392984614,9.446676944465938,0.073238145463255,0.1693437634642395,0.4428457095566339,0.4394604707455071,0.4410178142959974,0.9014577984274256,96.8619384765625,0.2413656413555145,-0.961312174797058,0.2406540364027023,-0.8543069958686829,0.2583159208297729,7.089599132537842,True
vera_c31,fix123_k1_l1_tr,True,0.8059021949781198,0.9677085796888124,0.1050048143819575,0.6741868541159898,0.5263983151110426,0.5639253219913389,0.885996424889795,0.301871937723882,0.5873451149092581,6.462102111237908,0.0868246076726089,0.2020530222189714,0.4789727602792393,0.3899438055575482,0.4274966471229904,0.8842819115985789,96.90801239013672,0.2392101436853408,-0.922393262386322,0.2354828119277954,-1.0150794982910156,0.2620456516742706,7.13896369934082,True
vera_c32,fix123_k1_l1_tr,True,0.822771363093454,0.8876874695685579,0.1067093948078966,0.6765527993732793,0.4330768757964826,0.5906296836446834,0.8890148992845277,0.3071307744590827,0.6619680453823069,9.610614709150884,0.0781366902310115,0.2496008052204565,0.3191948908891694,0.4406484374202771,0.4436196708454335,0.9101758762730509,96.8257064819336,0.2436211705207824,-0.946052610874176,0.2383114099502563,-0.8124570250511169,0.25794318318367,7.066839694976807,True
