_2_fwd_4_COLUs_col4_0_speed_r_2_PV_sp,_2_fwd_3_GUIDEs_GUIDE_3_1_SplineSnap_4_SHIFTS_PV_v_03,_2_fwd_3_GUIDEs_GUIDE_3_1_SplineSnap_4_SHIFTS_PV_u_03,_2_fwd_3_GUIDEs_GUIDE_3_1_SplineSnap_4_SHIFTS_PV_t_02,_2_fwd_3_GUIDEs_GUIDE_2_4_circleSnap_PV_t_angle,_2_fwd_3_GUIDEs_GUIDE_2_4_circleSnap_PV_sp,_2_fwd_3_GUIDEs_GUIDE_2_4_circleSnap_PV_ax_end,_2_fwd_3_GUIDEs_GUIDE_2_1_SplineSnap_4_SHIFTS_PV_v_02,_2_fwd_3_GUIDEs_GUIDE_2_1_SplineSnap_4_SHIFTS_PV_u_02,_2_fwd_2_VERTICAL_2_FRAME_seg02_PM_PV_zr_end,_2_fwd_2_VERTICAL_2_FRAME_seg01_PM_PV_zr_end,_2_fwd_2_VERTICAL_1_STEM_seg02_PM_PV_ar_end,_2_fwd_2_VERTICAL_1_STEM_seg01_PV_sp_Start,_2_fwd_2_VERTICAL_1_STEM_seg01_PV_sp_End,_2_fwd_2_VERTICAL_1_STEM_PM_PV_zr_bulbNose,_2_fwd_2_VERTICAL_0_PM_PV_zr_FP,FORCES_pred,FORCES_sd,RTRWPMIX_pred,RTRWPMIX_sd,ct_ffw_HP01_value_pred,trusted,proposed_for_batch,regime,round,surrogate_round,gate_nd,gate_edge_ok,gate_calibrated,gate_in_distribution,manifold_dist,manifold_thresh
0.950687292038835,0.4444514877222213,0.4219862043687694,0.4235505531168031,0.2694103720465557,0.1017386497224032,5.7917739307258085,0.4062164101838401,0.4569182082270219,0.8861008081152998,0.5641316223904724,0.6501339562270064,0.5509291053767376,0.1028475308471425,0.9250127099103352,0.8416274953815712,-0.745532751083374,0.2267388552427292,-0.6781415343284607,0.2182985693216323,7.320050716400147,True,True,small_n,1,1,True,True,True,False,4.0503592,4.049036026000977
0.8749702122824231,0.4258486949718426,0.3714223989969289,0.4509358814378612,0.241144143753747,0.0912382911564625,11.454901738571309,0.4632498102635907,0.3573373570167763,0.88,0.5689224338777786,0.7110582691710838,0.6191733531449123,0.1000000002266267,0.9177194274169558,0.8400354064743262,-0.9462176561355592,0.2383394390344619,-0.676125168800354,0.2181581258773803,7.296673774719238,False,False,small_n,1,1,False,True,True,True,4.0402966,4.049036026000977
0.9313336854544382,0.4479447218790077,0.4197814525259567,0.432774858236877,0.1772448083439914,0.0716111877490529,1.341592435576977,0.7427477715112587,0.5137843429214465,0.8801737500335295,0.5726421106963473,0.5449592869419477,0.6202714628839632,0.1014560173507081,0.8970865671616544,0.8433618040663403,-0.9605470299720764,0.2405166625976562,-0.6748320460319519,0.2180691957473755,7.208779811859131,False,False,small_n,1,1,False,True,True,False,4.0584154,4.049036026000977
0.914727576878687,0.4415259130663707,0.4178566623449783,0.4316966262080273,0.2474445887872399,0.0812418076767374,11.42020205146964,0.5870454935914786,0.4465763361486947,0.8838000204619723,0.5715626083781801,0.6627396984358556,0.6526105394396945,0.1021697830651057,0.8965849822332259,0.8571260732779037,-0.981468677520752,0.2446498721837997,-0.6762324571609497,0.2181646078824997,7.3675408363342285,False,False,small_n,1,1,False,True,True,False,4.0521483,4.049036026000977
0.933514305320412,0.4393068541802501,0.4299907898293419,0.4323045374686289,0.1956186366455767,0.0671664392221085,11.668204107998,0.6659630449509246,0.4829722840731712,0.8945500285072429,0.5570724028453763,0.5699458281126535,0.6210705763332615,0.1052507459307817,0.9008548255723132,0.853564047343211,-0.9876604676246644,0.2461683601140976,-0.6766218543052673,0.218191921710968,7.315275192260742,False,False,small_n,1,1,False,True,True,False,4.0496564,4.049036026000977
0.91387162539829,0.4418912525270116,0.4217083159318452,0.4664574657474309,0.1952020094190626,0.0732991223422543,9.18243031958823,0.5931340220245936,0.4519636529177822,0.8833228327068207,0.5535172686520182,0.6322385113982562,0.6469881954900015,0.1036397212533047,0.9101253379189338,0.8578621025890257,-0.9882688522338868,0.2463321834802627,-0.6762670874595642,0.2181671261787414,7.400086879730225,False,False,small_n,1,1,False,True,True,False,4.0504475,4.049036026000977
0.9539964498489332,0.4451798667632069,0.4107293663958076,0.4243715286890308,0.1729053588377208,0.0650499174011314,6.733347179919353,0.7176298541908522,0.4787566704962088,0.8984219498307244,0.5618943427391183,0.7071019050029803,0.6192186187726231,0.1032816123919392,0.8962485476831857,0.8541100912236431,-0.9908701777458192,0.2470211535692215,-0.6766747832298279,0.2181956619024276,7.344756126403809,True,True,small_n,1,1,True,True,True,False,4.051983,4.049036026000977
0.9556435357056692,0.445472612041851,0.4222936807495118,0.4527212214974423,0.1826294358471223,0.0677022005951902,10.608870038795128,0.6702350781247762,0.4569541639522084,0.885914264687497,0.5524457566448955,0.518765051261733,0.6409626133595296,0.1038487805275144,0.9096929306472792,0.8510487536198462,-0.991029977798462,0.2470743507146835,-0.6762375831604004,0.2181651592254638,7.303873538970947,False,False,small_n,1,1,False,True,True,False,4.051751,4.049036026000977
0.924101200960206,0.4425360044610906,0.4228348980563906,0.4274665573851228,0.152698741581077,0.0655978532641997,4.465799486103467,0.7693791649864169,0.486209418813339,0.8855232737284014,0.5581475705358129,0.695220909740763,0.6156308436987906,0.103948097359479,0.8920435300938183,0.8516156710809646,-0.9908611178398132,0.2470198571681976,-0.6755121946334839,0.2181155383586883,7.30694580078125,False,False,small_n,1,1,False,True,True,False,4.0584593,4.049036026000977
0.8637874328334143,0.4338242605697585,0.4479249672965195,0.4329769953456555,0.2177070763239564,0.0763585539048797,10.908327225964914,0.5935389687708668,0.4243973441358769,0.8800054853925524,0.5571897078482035,0.6164988795468268,0.6393532732484227,0.1060903196209947,0.9064190596199664,0.8607366027814219,-0.9880080819129944,0.2462660670280456,-0.6723629236221313,0.2179039865732193,7.414633750915527,False,False,small_n,1,1,False,True,True,False,4.0639944,4.049036026000977
0.9298786835374774,0.4486198556039976,0.4355220118421983,0.4478411041541853,0.20362019081361,0.0725525057925009,7.482052028107858,0.6264244016715755,0.4594117668667994,0.88,0.5539148997745692,0.7224471743823685,0.6428881949083612,0.1038262735966563,0.9071505242324108,0.8574319907401391,-0.9931036829948424,0.2476617693901062,-0.6761667132377625,0.2181604355573654,7.414035320281982,False,False,small_n,1,1,False,True,True,False,4.060764,4.049036026000977
0.9168209087461902,0.4321718567866028,0.4129620219142318,0.4558374964167571,0.1995258988051049,0.0764743346544454,7.76602585736045,0.6640435076921416,0.4491942153138128,0.8846431895302215,0.5558753206318837,0.7370547690090438,0.6354727077766136,0.103868262111367,0.9000183802546748,0.8576075290122107,-0.98770409822464,0.2461802661418914,-0.6708768606185913,0.2178071439266204,7.396836280822754,False,False,small_n,1,1,False,True,True,True,3.9412372,4.049036026000977
0.8996204901669845,0.4522114329170378,0.4280654790922117,0.4596371561472476,0.1837054332368423,0.0727679136444725,7.00542047000964,0.5896830509132206,0.4398529330125553,0.88,0.5547656698809975,0.6950987825956805,0.6494611322545059,0.1022502502436948,0.908804157883138,0.8600799317275303,-0.9912406802177428,0.2471332550048828,-0.6718086004257202,0.2178677171468734,7.427522659301758,False,False,small_n,1,1,False,True,True,False,4.063491,4.049036026000977
0.958877674361892,0.4408749757167101,0.4242534307589035,0.4370893979261386,0.1706663565720399,0.0589541066605919,4.087374731059236,0.7508211398402674,0.4532449952792819,0.8969101494081124,0.5554893517760314,0.4293441642813588,0.617212845629915,0.1028126693538895,0.8949686286391929,0.8559568318461898,-0.9922043085098268,0.2473921775817871,-0.6719396710395813,0.2178763002157211,7.276070594787598,False,False,small_n,1,1,False,True,True,False,4.0569468,4.049036026000977
0.9388995568627752,0.4402613845496267,0.4391271142900906,0.4433542963834107,0.2289408258003289,0.0718605353123551,5.157021247072257,0.7445720239457483,0.4630786536393175,0.89072939842254,0.5557765146781858,0.7437293640914387,0.6184577524814198,0.1024108081517475,0.9093897000737824,0.8488483996662559,-0.9925477504730223,0.2474979907274246,-0.6708611249923706,0.2178063839673996,7.349823951721191,False,False,small_n,1,1,False,True,True,False,4.058009,4.049036026000977
0.9233423063230444,0.4508123710359007,0.416945765786095,0.4523266449478308,0.173664585140007,0.0646418231038131,7.225004388765718,0.7198792714009867,0.4658854874227013,0.8863241487163055,0.5582194060513037,0.6239181402213123,0.6233805080612153,0.1017793660229864,0.903646114805666,0.8526182979588081,-0.9989872574806212,0.2494601309299469,-0.6765028238296509,0.2181841433048248,7.322930335998535,True,True,small_n,1,1,True,True,True,False,4.051478,4.049036026000977
0.9362361316004424,0.4471234682621358,0.4375254336936027,0.4543713363164681,0.2296733076190429,0.0728998314500571,8.566052071966944,0.6224708465835579,0.4609579446011956,0.88,0.5618233817266011,0.6704845448927185,0.6459491045389687,0.1030059430288771,0.8988574391542814,0.8547985279198334,-0.9949777126312256,0.2482137233018875,-0.6758798956871033,0.2181413322687149,7.353880882263184,False,False,small_n,1,1,False,True,True,False,4.056745,4.049036026000977
0.9246366140393496,0.4454694704504853,0.4432634159877511,0.4265338192336202,0.2300434123357571,0.0687463404921163,10.858288413782171,0.6695382215186391,0.4486267268970267,0.895239628220751,0.558477642372988,0.6214245722576945,0.6279244250074076,0.1039876912237183,0.9173317146789706,0.8516618893418492,-0.9951836466789246,0.2482748329639434,-0.6758424043655396,0.2181377112865448,7.36870813369751,False,False,small_n,1,1,False,True,True,False,4.058463,4.049036026000977
0.8875437230068677,0.4531717130760911,0.4442109939835053,0.4577539557479079,0.185017069931739,0.0681562759292959,10.812961302009857,0.6300794702533822,0.4519085142124829,0.8841633853989307,0.5612210564932725,0.6354355341214388,0.6481139731016641,0.1037838378041719,0.913214127621134,0.845599166820185,-0.9948582053184508,0.248179405927658,-0.6671753525733948,0.2175739407539367,7.306492328643799,False,False,small_n,1,1,False,True,True,False,4.0505304,4.049036026000977
0.8641265130680256,0.4418719107639633,0.4915126072069426,0.4523905111234674,0.1819537534719736,0.0572668480019932,0.1907546857512396,0.8,0.4595856556522407,0.9024256857412764,0.5560687268856179,0.449881055931275,0.684364469420444,0.1027033044245256,0.8838660985952871,0.8591815713128402,-1.0113389492034912,0.2541699409484863,-0.588034451007843,0.214443489909172,7.281038761138916,True,True,small_n,1,1,True,True,True,True,4.048925,4.049036026000977
